-- phpMyAdmin SQL Dump
-- version 4.6.4
-- https://www.phpmyadmin.net/
--
-- Host: localhost:3306
-- Generation Time: Mar 23, 2017 at 03:31 AM
-- Server version: 5.6.28
-- PHP Version: 5.6.25

SET SQL_MODE = "NO_AUTO_VALUE_ON_ZERO";
SET time_zone = "+00:00";

--
-- Database: `kalijaga`
--

-- --------------------------------------------------------

--
-- Table structure for table `infaq`
--

CREATE TABLE `infaq` (
  `id` int(11) NOT NULL,
  `item` varchar(255) NOT NULL,
  `level` varchar(255) NOT NULL DEFAULT ''
) ENGINE=InnoDB DEFAULT CHARSET=utf8;

--
-- Dumping data for table `infaq`
--

INSERT INTO `infaq` (`id`, `item`, `level`) VALUES
(1, 'DAPUR PUSAT', 'PUSAT'),
(2, 'BATA MERAH', 'PUSAT'),
(3, 'CICILAN PINJAMAN PUSAT', 'PUSAT'),
(4, 'CKM PONPES', 'DAERAH'),
(5, 'KESRA MUBALIGH DAERAH', 'DAERAH'),
(6, 'PEMBELAAN DAERAH', 'DAERAH'),
(7, 'PPG DAERAH', 'DAERAH'),
(8, 'ORGANISASI', 'DAERAH'),
(9, 'KEBUTUHAN DESA', 'DESA'),
(10, 'KESRA MUBALIGH KELOMPOK', 'KELOMPOK'),
(11, 'SERAGAM SENKOM GEL.1', 'KELOMPOK'),
(12, 'PERLENGKAPAN KEMATIAN', 'KELOMPOK'),
(13, 'PERSENAN', 'PUSAT'),
(14, 'PENGELUARAN KELOMPOK', 'KELOMPOK'),
(15, 'BANJIR BIMA', 'PUSAT'),
(16, 'JIMPITAN', 'DAERAH'),
(17, 'KAFAROH', 'PUSAT'),
(18, 'NUANSA', 'PUSAT'),
(19, 'KAFAROH', 'DAERAH'),
(20, 'SERAGAM SENKOM GEL.II', 'KELOMPOK'),
(21, 'SARAH DOA ASAD', 'PUSAT'),
(22, 'UANG SAKU CKM', 'DAERAH'),
(23, 'ORG-OR/PPG/DANSOS', 'DESA'),
(24, 'PERLENGKAPAN JENAZAH', 'KELOMPOK');

-- --------------------------------------------------------

--
-- Table structure for table `jamaah`
--

CREATE TABLE `jamaah` (
  `id` int(11) NOT NULL,
  `nama` varchar(255) NOT NULL,
  `ring` tinyint(1) DEFAULT NULL,
  `kk` tinyint(1) NOT NULL DEFAULT '0'
) ENGINE=InnoDB DEFAULT CHARSET=utf8;

--
-- Dumping data for table `jamaah`
--

INSERT INTO `jamaah` (`id`, `nama`, `ring`, `kk`) VALUES
(1, 'KHOIRUL. K', 2, 1),
(2, 'HJ. KURAESIN', 2, 1),
(3, 'RAUHATUN NISSA', 2, 0),
(4, 'HJ. TRESNAWATI', 1, 1),
(5, 'NANI', 4, 0),
(6, 'LINDA PRATIWI', 4, 0),
(7, 'M. FAJAR', 2, 1),
(8, 'AGUS S. WIBOWO', 2, 1),
(9, 'CIK ANANG', 3, 1),
(10, 'FIRMANSYAH. AA', 2, 1),
(11, 'BURHANUDIN. RW', 3, 0),
(12, 'YENI NURAENI', 4, 1),
(13, 'FITRIYANI', 3, 1),
(14, 'PAIDA', 4, 0),
(15, 'SUSILAWATI', 3, 1),
(16, 'ITA PRASTIA', 3, 0),
(17, 'HETTY ASTUTI', 3, 1),
(18, 'SUHARTATI', 4, 1),
(19, 'NURHIDAYAT', 2, 1),
(20, 'RAMDAN AZI FAUZI', 3, 1),
(21, 'HENRI SUSANTO', 2, 1),
(22, 'YOSE SUDARMAN', 4, 0),
(23, 'DR. FINALIA', 0, 0),
(24, 'ELLY YUZARNI', 0, 0),
(25, 'KOMANAH', 0, 0),
(26, 'NURUL. Q', 0, 0),
(27, 'ATIK', 0, 0),
(28, 'INNE', 0, 0);

-- --------------------------------------------------------

--
-- Table structure for table `jatahdesa`
--

CREATE TABLE `jatahdesa` (
  `id` int(11) NOT NULL,
  `bulan` tinyint(2) NOT NULL,
  `tahun` int(4) NOT NULL DEFAULT '2017',
  `item` int(11) NOT NULL,
  `nominal` int(11) NOT NULL
) ENGINE=InnoDB DEFAULT CHARSET=utf8;

--
-- Dumping data for table `jatahdesa`
--

INSERT INTO `jatahdesa` (`id`, `bulan`, `tahun`, `item`, `nominal`) VALUES
(1, 2, 2017, 1, 90000),
(2, 2, 2017, 2, 150000),
(3, 2, 2017, 3, 250000),
(4, 2, 2017, 4, 180000),
(5, 2, 2017, 5, 90000),
(6, 2, 2017, 6, 590000),
(7, 2, 2017, 7, 57000),
(8, 2, 2017, 8, 145000),
(9, 2, 2017, 9, 300000),
(10, 2, 2017, 11, 300000),
(12, 2, 2017, 10, 1200000),
(28, 2, 2017, 0, 0),
(31, 2, 2017, 0, 0),
(33, 2, 2017, 14, 164000),
(34, 2, 2017, 15, 0),
(35, 2, 2017, 16, 0),
(36, 2, 2017, 13, 0),
(37, 3, 2017, 1, 90000),
(38, 3, 2017, 18, 0),
(39, 3, 2017, 2, 150000),
(40, 3, 2017, 3, 300000),
(41, 3, 2017, 4, 180000),
(42, 3, 2017, 5, 90000),
(43, 3, 2017, 6, 409000),
(44, 3, 2017, 7, 41000),
(45, 3, 2017, 8, 102000),
(47, 3, 2017, 19, 0),
(48, 3, 2017, 9, 250000),
(49, 3, 2017, 16, 0),
(50, 3, 2017, 20, 300000),
(51, 3, 2017, 13, 0),
(52, 3, 2017, 10, 1300000),
(54, 4, 2017, 13, 0),
(55, 4, 2017, 1, 90000),
(57, 4, 2017, 2, 150000),
(58, 4, 2017, 3, 300000),
(60, 4, 2017, 4, 180000),
(61, 4, 2017, 5, 80000),
(62, 4, 2017, 6, 574000),
(63, 4, 2017, 7, 57000),
(64, 4, 2017, 8, 144000),
(65, 4, 2017, 17, 0),
(66, 4, 2017, 9, 250000),
(67, 4, 2017, 22, 60000),
(68, 4, 2017, 23, 0),
(69, 4, 2017, 10, 1300000),
(71, 4, 2017, 16, 0),
(72, 4, 2017, 24, 420000);

-- --------------------------------------------------------

--
-- Table structure for table `jatahjamaah`
--

CREATE TABLE `jatahjamaah` (
  `id` int(11) NOT NULL,
  `jamaah` int(11) NOT NULL,
  `jatahdesa` int(11) NOT NULL,
  `dijatah` int(11) NOT NULL,
  `dibulatkan` int(11) NOT NULL,
  `disetorkan` int(11) NOT NULL,
  `tanggalsetor` date DEFAULT NULL
) ENGINE=InnoDB DEFAULT CHARSET=utf8;

--
-- Dumping data for table `jatahjamaah`
--

INSERT INTO `jatahjamaah` (`id`, `jamaah`, `jatahdesa`, `dijatah`, `dibulatkan`, `disetorkan`, `tanggalsetor`) VALUES
(4601, 1, 1, 7538, 8000, 8000, '2017-02-02'),
(4602, 1, 2, 12563, 13000, 13000, '2017-02-02'),
(4603, 1, 3, 20938, 21000, 21000, '2017-02-02'),
(4604, 1, 4, 15075, 15000, 15000, '2017-02-02'),
(4605, 1, 5, 7538, 8000, 8000, '2017-02-02'),
(4606, 1, 6, 49413, 49000, 49000, '2017-02-02'),
(4607, 1, 7, 4774, 5000, 5000, '2017-02-02'),
(4608, 1, 8, 12144, 12000, 12000, '2017-02-02'),
(4609, 1, 9, 25125, 25000, 25000, '2017-02-02'),
(4610, 1, 10, 25125, 25000, 25000, '2017-02-02'),
(4611, 1, 12, 100500, 101000, 101000, '2017-02-02'),
(4612, 1, 33, 13735, 14000, 14000, '2017-02-02'),
(4613, 1, 34, 0, 0, 268000, '2017-01-27'),
(4614, 1, 35, 10000, 10000, 10000, '2017-02-02'),
(4615, 1, 36, 0, 0, 1630000, '2017-02-02'),
(4616, 2, 1, 7538, 8000, 8000, '2017-02-02'),
(4617, 2, 2, 12563, 13000, 13000, '2017-02-02'),
(4618, 2, 3, 20938, 21000, 21000, '2017-02-02'),
(4619, 2, 4, 15075, 15000, 15000, '2017-02-02'),
(4620, 2, 5, 7538, 8000, 8000, '2017-02-02'),
(4621, 2, 6, 49413, 49000, 49000, '2017-02-02'),
(4622, 2, 7, 4774, 5000, 5000, '2017-02-02'),
(4623, 2, 8, 12144, 12000, 12000, '2017-02-02'),
(4624, 2, 9, 25125, 25000, 25000, '2017-02-02'),
(4625, 2, 10, 25125, 25000, 25000, '2017-02-02'),
(4626, 2, 12, 100500, 101000, 101000, '2017-02-02'),
(4627, 2, 33, 13735, 14000, 14000, '2017-02-02'),
(4628, 2, 34, 0, 0, 0, '2017-02-02'),
(4629, 2, 35, 10000, 10000, 10000, '2017-02-02'),
(4630, 2, 36, 0, 0, 194000, '2017-02-02'),
(4631, 3, 1, 7538, 8000, 0, NULL),
(4632, 3, 2, 12563, 13000, 0, NULL),
(4633, 3, 3, 20938, 21000, 0, NULL),
(4634, 3, 4, 15075, 15000, 0, NULL),
(4635, 3, 5, 7538, 8000, 0, NULL),
(4636, 3, 6, 49413, 49000, 0, NULL),
(4637, 3, 7, 4774, 5000, 0, NULL),
(4638, 3, 8, 12144, 12000, 0, NULL),
(4639, 3, 9, 25125, 25000, 0, NULL),
(4640, 3, 10, 25125, 25000, 0, NULL),
(4641, 3, 12, 100500, 101000, 0, NULL),
(4642, 3, 33, 13735, 14000, 0, NULL),
(4643, 3, 34, 0, 0, 0, NULL),
(4644, 3, 35, 0, 0, 0, NULL),
(4645, 3, 36, 0, 0, 300000, '2017-02-02'),
(4646, 4, 1, 15300, 15000, 15000, '2017-02-02'),
(4647, 4, 2, 25500, 26000, 26000, '2017-02-02'),
(4648, 4, 3, 42500, 43000, 43000, '2017-02-02'),
(4649, 4, 4, 30600, 31000, 31000, '2017-02-02'),
(4650, 4, 5, 15300, 15000, 15000, '2017-02-02'),
(4651, 4, 6, 100300, 100000, 100000, '2017-02-02'),
(4652, 4, 7, 9690, 10000, 10000, '2017-02-02'),
(4653, 4, 8, 24650, 25000, 25000, '2017-02-02'),
(4654, 4, 9, 51000, 51000, 51000, '2017-02-02'),
(4655, 4, 10, 51000, 51000, 51000, '2017-02-02'),
(4656, 4, 12, 204000, 204000, 204000, '2017-02-02'),
(4657, 4, 33, 27880, 28000, 28000, '2017-02-02'),
(4658, 4, 34, 0, 0, 0, '2017-02-02'),
(4659, 4, 35, 10000, 10000, 10000, '2017-02-02'),
(4660, 4, 36, 0, 0, 2000000, '2017-02-02'),
(4661, 5, 1, 0, 0, 0, NULL),
(4662, 5, 2, 0, 0, 0, NULL),
(4663, 5, 3, 0, 0, 0, NULL),
(4664, 5, 4, 0, 0, 0, NULL),
(4665, 5, 5, 0, 0, 0, NULL),
(4666, 5, 6, 0, 0, 0, NULL),
(4667, 5, 7, 0, 0, 0, NULL),
(4668, 5, 8, 0, 0, 0, NULL),
(4669, 5, 9, 0, 0, 0, NULL),
(4670, 5, 10, 0, 0, 0, NULL),
(4671, 5, 12, 0, 0, 0, NULL),
(4672, 5, 33, 0, 0, 0, NULL),
(4673, 5, 34, 0, 0, 0, NULL),
(4674, 5, 35, 0, 0, 0, NULL),
(4675, 5, 36, 0, 0, 60000, '2017-02-02'),
(4676, 6, 1, 0, 0, 10000, '2017-02-02'),
(4677, 6, 2, 0, 0, 0, NULL),
(4678, 6, 3, 0, 0, 0, NULL),
(4679, 6, 4, 0, 0, 10000, '2017-02-02'),
(4680, 6, 5, 0, 0, 10000, '2017-02-02'),
(4681, 6, 6, 0, 0, 10000, '2017-02-02'),
(4682, 6, 7, 0, 0, 10000, '2017-02-02'),
(4683, 6, 8, 0, 0, 0, NULL),
(4684, 6, 9, 0, 0, 10000, '2017-02-02'),
(4685, 6, 10, 0, 0, 0, NULL),
(4686, 6, 12, 0, 0, 10000, '2017-02-02'),
(4687, 6, 33, 0, 0, 10000, '2017-02-02'),
(4688, 6, 34, 0, 0, 0, NULL),
(4689, 6, 35, 0, 0, 0, NULL),
(4690, 6, 36, 0, 0, 20000, '2017-02-02'),
(4691, 7, 1, 7538, 8000, 8000, '2017-02-02'),
(4692, 7, 2, 12563, 13000, 13000, '2017-02-02'),
(4693, 7, 3, 20938, 21000, 21000, '2017-02-02'),
(4694, 7, 4, 15075, 15000, 15000, '2017-02-02'),
(4695, 7, 5, 7538, 8000, 8000, '2017-02-02'),
(4696, 7, 6, 49413, 49000, 49000, '2017-02-02'),
(4697, 7, 7, 4774, 5000, 5000, '2017-02-02'),
(4698, 7, 8, 12144, 12000, 12000, '2017-02-02'),
(4699, 7, 9, 25125, 25000, 25000, '2017-02-02'),
(4700, 7, 10, 25125, 25000, 25000, '2017-02-02'),
(4701, 7, 12, 100500, 101000, 101000, '2017-02-02'),
(4702, 7, 33, 13735, 14000, 58000, '2017-02-02'),
(4703, 7, 34, 0, 0, 0, NULL),
(4704, 7, 35, 10000, 10000, 10000, '2017-02-02'),
(4705, 7, 36, 0, 0, 150000, '2017-02-02'),
(4706, 8, 1, 7538, 8000, 8000, '2017-02-02'),
(4707, 8, 2, 12563, 13000, 13000, '2017-02-02'),
(4708, 8, 3, 20938, 21000, 21000, '2017-02-02'),
(4709, 8, 4, 15075, 15000, 15000, '2017-02-02'),
(4710, 8, 5, 7538, 8000, 8000, '2017-02-02'),
(4711, 8, 6, 49413, 49000, 49000, '2017-02-02'),
(4712, 8, 7, 4774, 5000, 5000, '2017-02-02'),
(4713, 8, 8, 12144, 12000, 12000, '2017-02-02'),
(4714, 8, 9, 25125, 25000, 25000, '2017-02-02'),
(4715, 8, 10, 25125, 25000, 25000, '2017-02-02'),
(4716, 8, 12, 100500, 101000, 101000, '2017-02-02'),
(4717, 8, 33, 13735, 14000, 14000, '2017-02-02'),
(4718, 8, 34, 0, 0, 0, NULL),
(4719, 8, 35, 10000, 10000, 10000, '2017-02-02'),
(4720, 8, 36, 0, 0, 250000, '2017-02-02'),
(4721, 9, 1, 2057, 2000, 2000, '2017-02-02'),
(4722, 9, 2, 3429, 3000, 3000, '2017-02-02'),
(4723, 9, 3, 5714, 6000, 6000, '2017-02-02'),
(4724, 9, 4, 4114, 4000, 4000, '2017-02-02'),
(4725, 9, 5, 2057, 2000, 2000, '2017-02-02'),
(4726, 9, 6, 13486, 13000, 13000, '2017-02-02'),
(4727, 9, 7, 1303, 1000, 1000, '2017-02-02'),
(4728, 9, 8, 3314, 3000, 3000, '2017-02-02'),
(4729, 9, 9, 6857, 7000, 7000, '2017-02-02'),
(4730, 9, 10, 6857, 7000, 7000, '2017-02-02'),
(4731, 9, 12, 27429, 27000, 27000, '2017-02-02'),
(4732, 9, 33, 3749, 4000, 4000, '2017-02-02'),
(4733, 9, 34, 0, 0, 0, NULL),
(4734, 9, 35, 10000, 10000, 10000, '2017-02-02'),
(4735, 9, 36, 0, 0, 370000, '2017-02-02'),
(4736, 10, 1, 7538, 8000, 8000, '2017-02-02'),
(4737, 10, 2, 12563, 13000, 13000, '2017-02-02'),
(4738, 10, 3, 20938, 21000, 21000, '2017-02-02'),
(4739, 10, 4, 15075, 15000, 15000, '2017-02-02'),
(4740, 10, 5, 7538, 8000, 8000, '2017-02-02'),
(4741, 10, 6, 49413, 49000, 49000, '2017-02-02'),
(4742, 10, 7, 4774, 5000, 5000, '2017-02-02'),
(4743, 10, 8, 12144, 12000, 12000, '2017-02-02'),
(4744, 10, 9, 25125, 25000, 25000, '2017-02-02'),
(4745, 10, 10, 25125, 25000, 25000, '2017-02-02'),
(4746, 10, 12, 100500, 101000, 101000, '2017-02-02'),
(4747, 10, 33, 13735, 14000, 14000, '2017-02-02'),
(4748, 10, 34, 0, 0, 0, NULL),
(4749, 10, 35, 10000, 10000, 10000, '2017-02-02'),
(4750, 10, 36, 0, 0, 400000, '2017-02-02'),
(4751, 11, 1, 2057, 2000, 2000, '2017-02-02'),
(4752, 11, 2, 3429, 3000, 3000, '2017-02-02'),
(4753, 11, 3, 5714, 6000, 6000, '2017-02-02'),
(4754, 11, 4, 4114, 4000, 4000, '2017-02-02'),
(4755, 11, 5, 2057, 2000, 2000, '2017-02-02'),
(4756, 11, 6, 13486, 13000, 13000, '2017-02-02'),
(4757, 11, 7, 1303, 1000, 1000, '2017-02-02'),
(4758, 11, 8, 3314, 3000, 3000, '2017-02-02'),
(4759, 11, 9, 6857, 7000, 7000, '2017-02-02'),
(4760, 11, 10, 6857, 7000, 7000, '2017-02-02'),
(4761, 11, 12, 27429, 27000, 27000, '2017-02-02'),
(4762, 11, 33, 3749, 4000, 4000, '2017-02-02'),
(4763, 11, 34, 0, 0, 0, NULL),
(4764, 11, 35, 0, 0, 0, NULL),
(4765, 11, 36, 0, 0, 71000, '2017-02-02'),
(4766, 12, 1, 0, 0, 0, NULL),
(4767, 12, 2, 0, 0, 0, NULL),
(4768, 12, 3, 0, 0, 0, NULL),
(4769, 12, 4, 0, 0, 0, NULL),
(4770, 12, 5, 0, 0, 0, NULL),
(4771, 12, 6, 0, 0, 0, NULL),
(4772, 12, 7, 0, 0, 0, NULL),
(4773, 12, 8, 0, 0, 0, NULL),
(4774, 12, 9, 0, 0, 0, NULL),
(4775, 12, 10, 0, 0, 0, NULL),
(4776, 12, 12, 0, 0, 0, NULL),
(4777, 12, 33, 0, 0, 0, NULL),
(4778, 12, 34, 0, 0, 0, NULL),
(4779, 12, 35, 10000, 10000, 10000, '2017-02-02'),
(4780, 12, 36, 0, 0, 100000, '2017-02-02'),
(4781, 13, 1, 2057, 2000, 2000, '2017-02-02'),
(4782, 13, 2, 3429, 3000, 3000, '2017-02-02'),
(4783, 13, 3, 5714, 6000, 6000, '2017-02-02'),
(4784, 13, 4, 4114, 4000, 4000, '2017-02-02'),
(4785, 13, 5, 2057, 2000, 2000, '2017-02-02'),
(4786, 13, 6, 13486, 13000, 13000, '2017-02-02'),
(4787, 13, 7, 1303, 1000, 1000, '2017-02-02'),
(4788, 13, 8, 3314, 3000, 3000, '2017-02-02'),
(4789, 13, 9, 6857, 7000, 7000, '2017-02-02'),
(4790, 13, 10, 6857, 7000, 7000, '2017-02-02'),
(4791, 13, 12, 27429, 27000, 28000, '2017-02-02'),
(4792, 13, 33, 3749, 4000, 4000, '2017-02-02'),
(4793, 13, 34, 0, 0, 0, NULL),
(4794, 13, 35, 10000, 10000, 10000, '2017-02-02'),
(4795, 13, 36, 0, 0, 45000, '2017-02-02'),
(4796, 14, 1, 0, 0, 0, NULL),
(4797, 14, 2, 0, 0, 0, NULL),
(4798, 14, 3, 0, 0, 0, NULL),
(4799, 14, 4, 0, 0, 0, NULL),
(4800, 14, 5, 0, 0, 0, NULL),
(4801, 14, 6, 0, 0, 0, NULL),
(4802, 14, 7, 0, 0, 0, NULL),
(4803, 14, 8, 0, 0, 0, NULL),
(4804, 14, 9, 0, 0, 0, NULL),
(4805, 14, 10, 0, 0, 0, NULL),
(4806, 14, 12, 0, 0, 27500, '2017-02-02'),
(4807, 14, 33, 0, 0, 4000, '2017-02-02'),
(4808, 14, 34, 0, 0, 0, NULL),
(4809, 14, 35, 0, 0, 0, NULL),
(4810, 14, 36, 0, 0, 37500, '2017-02-02'),
(4811, 15, 1, 2057, 2000, 2000, '2017-02-02'),
(4812, 15, 2, 3429, 3000, 3000, '2017-02-02'),
(4813, 15, 3, 5714, 6000, 6000, '2017-02-02'),
(4814, 15, 4, 4114, 4000, 4000, '2017-02-02'),
(4815, 15, 5, 2057, 2000, 2000, '2017-02-02'),
(4816, 15, 6, 13486, 13000, 13000, '2017-02-02'),
(4817, 15, 7, 1303, 1000, 1000, '2017-02-02'),
(4818, 15, 8, 3314, 3000, 3000, '2017-02-02'),
(4819, 15, 9, 6857, 7000, 7000, '2017-02-02'),
(4820, 15, 10, 6857, 7000, 7000, '2017-02-02'),
(4821, 15, 12, 27429, 27000, 27000, '2017-02-02'),
(4822, 15, 33, 3749, 4000, 4000, '2017-02-02'),
(4823, 15, 34, 0, 0, 0, NULL),
(4824, 15, 35, 10000, 10000, 10000, '2017-02-02'),
(4825, 15, 36, 0, 0, 200000, '2017-02-02'),
(4826, 16, 1, 2057, 2000, 2000, '2017-02-02'),
(4827, 16, 2, 3429, 3000, 3000, '2017-02-02'),
(4828, 16, 3, 5714, 6000, 6000, '2017-02-02'),
(4829, 16, 4, 4114, 4000, 4000, '2017-02-02'),
(4830, 16, 5, 2057, 2000, 2000, '2017-02-02'),
(4831, 16, 6, 13486, 13000, 13000, '2017-02-02'),
(4832, 16, 7, 1303, 1000, 1000, '2017-02-02'),
(4833, 16, 8, 3314, 3000, 3000, '2017-02-02'),
(4834, 16, 9, 6857, 7000, 7000, '2017-02-02'),
(4835, 16, 10, 6857, 7000, 7000, '2017-02-02'),
(4836, 16, 12, 27429, 27000, 28000, '2017-02-02'),
(4837, 16, 33, 3749, 4000, 4000, '2017-02-02'),
(4838, 16, 34, 0, 0, 0, NULL),
(4839, 16, 35, 0, 0, 0, NULL),
(4840, 16, 36, 0, 0, 50000, '2017-02-02'),
(4856, 18, 1, 0, 0, 0, NULL),
(4857, 18, 2, 0, 0, 0, NULL),
(4858, 18, 3, 0, 0, 0, NULL),
(4859, 18, 4, 0, 0, 0, NULL),
(4860, 18, 5, 0, 0, 0, NULL),
(4861, 18, 6, 0, 0, 0, NULL),
(4862, 18, 7, 0, 0, 0, NULL),
(4863, 18, 8, 0, 0, 0, NULL),
(4864, 18, 9, 0, 0, 0, NULL),
(4865, 18, 10, 0, 0, 0, NULL),
(4866, 18, 12, 0, 0, 0, NULL),
(4867, 18, 33, 0, 0, 0, NULL),
(4868, 18, 34, 0, 0, 0, NULL),
(4869, 18, 35, 10000, 10000, 0, NULL),
(4870, 18, 36, 0, 0, 100000, '2017-02-02'),
(4871, 19, 1, 7538, 8000, 8000, '2017-02-02'),
(4872, 19, 2, 12563, 13000, 13000, '2017-02-02'),
(4873, 19, 3, 20938, 21000, 21000, '2017-02-02'),
(4874, 19, 4, 15075, 15000, 15000, '2017-02-02'),
(4875, 19, 5, 7538, 8000, 8000, '2017-02-02'),
(4876, 19, 6, 49413, 49000, 40000, '2017-02-02'),
(4877, 19, 7, 4774, 5000, 5000, '2017-02-02'),
(4878, 19, 8, 12144, 12000, 12000, '2017-02-02'),
(4879, 19, 9, 25125, 25000, 25000, '2017-02-02'),
(4880, 19, 10, 25125, 25000, 25000, '2017-02-02'),
(4881, 19, 12, 100500, 101000, 75000, '2017-02-02'),
(4882, 19, 33, 13735, 14000, 14000, '2017-02-02'),
(4883, 19, 34, 0, 0, 0, NULL),
(4884, 19, 35, 10000, 10000, 10000, '2017-02-02'),
(4885, 19, 36, 0, 0, 400000, '2017-02-02'),
(4886, 20, 1, 2057, 2000, 2000, '2017-02-02'),
(4887, 20, 2, 3429, 3000, 3000, '2017-02-02'),
(4888, 20, 3, 5714, 6000, 6000, '2017-02-02'),
(4889, 20, 4, 4114, 4000, 4000, '2017-02-02'),
(4890, 20, 5, 2057, 2000, 2000, '2017-02-02'),
(4891, 20, 6, 13486, 13000, 13000, '2017-02-02'),
(4892, 20, 7, 1303, 1000, 1000, '2017-02-02'),
(4893, 20, 8, 3314, 3000, 3000, '2017-02-02'),
(4894, 20, 9, 6857, 7000, 7000, '2017-02-02'),
(4895, 20, 10, 6857, 7000, 7000, '2017-02-02'),
(4896, 20, 12, 27429, 27000, 27000, '2017-02-02'),
(4897, 20, 33, 3749, 4000, 4000, '2017-02-02'),
(4898, 20, 34, 0, 0, 0, NULL),
(4899, 20, 35, 10000, 10000, 10000, '2017-02-02'),
(4900, 20, 36, 0, 0, 21000, '2017-02-02'),
(4901, 21, 1, 7538, 8000, 8000, '2017-02-02'),
(4902, 21, 2, 12563, 13000, 13000, '2017-02-02'),
(4903, 21, 3, 20938, 21000, 21000, '2017-02-02'),
(4904, 21, 4, 15075, 15000, 15000, '2017-02-02'),
(4905, 21, 5, 7538, 8000, 8000, '2017-02-02'),
(4906, 21, 6, 49413, 49000, 49000, '2017-02-02'),
(4907, 21, 7, 4774, 5000, 5000, '2017-02-02'),
(4908, 21, 8, 12144, 12000, 12000, '2017-02-02'),
(4909, 21, 9, 25125, 25000, 25000, '2017-02-02'),
(4910, 21, 10, 25125, 25000, 25000, '2017-02-02'),
(4911, 21, 12, 100500, 101000, 101000, '2017-02-02'),
(4912, 21, 33, 13735, 14000, 14000, '2017-02-02'),
(4913, 21, 34, 0, 0, 0, NULL),
(4914, 21, 35, 10000, 10000, 10000, '2017-02-02'),
(4915, 21, 36, 0, 0, 594000, '2017-02-02'),
(4916, 17, 1, 2057, 2000, 2000, '2017-02-02'),
(4917, 22, 1, 0, 0, 2000, '2017-02-02'),
(4918, 17, 2, 3429, 3000, 3000, '2017-02-02'),
(4919, 22, 2, 0, 0, 2000, '2017-02-02'),
(4920, 17, 3, 5714, 6000, 6000, '2017-02-02'),
(4921, 22, 3, 0, 0, 2000, '2017-02-02'),
(4922, 17, 4, 4114, 4000, 4000, '2017-02-02'),
(4923, 22, 4, 0, 0, 2000, '2017-02-02'),
(4924, 17, 5, 2057, 2000, 2000, '2017-02-02'),
(4925, 22, 5, 0, 0, 5000, '2017-02-02'),
(4926, 17, 6, 13486, 13000, 13000, '2017-02-02'),
(4927, 22, 6, 0, 0, 2000, '2017-02-02'),
(4928, 17, 7, 1303, 1000, 1000, '2017-02-02'),
(4929, 22, 7, 0, 0, 2000, '2017-02-02'),
(4930, 17, 8, 3314, 3000, 3000, '2017-02-02'),
(4931, 22, 8, 0, 0, 2000, '2017-02-02'),
(4932, 17, 9, 6857, 7000, 7000, '2017-02-02'),
(4933, 22, 9, 0, 0, 2000, '2017-02-02'),
(4934, 17, 10, 6857, 7000, 7000, '2017-02-02'),
(4935, 22, 10, 0, 0, 2000, '2017-02-02'),
(4936, 17, 12, 27429, 27000, 27000, '2017-02-02'),
(4937, 22, 12, 0, 0, 10000, '2017-02-02'),
(4938, 17, 33, 3749, 4000, 4000, '2017-02-02'),
(4939, 22, 33, 0, 0, 2000, '2017-02-02'),
(4940, 17, 34, 0, 0, 0, NULL),
(4941, 22, 34, 0, 0, 0, NULL),
(4942, 17, 35, 10000, 10000, 10000, '2017-02-02'),
(4943, 22, 35, 0, 0, 0, NULL),
(4944, 17, 36, 0, 0, 50000, '2017-02-02'),
(4945, 22, 36, 0, 0, 30000, '2017-02-02'),
(5968, 1, 37, 8213, 8000, 8000, '2017-03-04'),
(5969, 2, 37, 8213, 8000, 0, NULL),
(5970, 3, 37, 8213, 8000, 8000, '2017-03-04'),
(5971, 4, 37, 17100, 17000, 17000, '2017-02-02'),
(5972, 5, 37, 0, 0, 0, NULL),
(5973, 6, 37, 0, 0, 10000, '2017-03-04'),
(5974, 7, 37, 8213, 8000, 0, NULL),
(5975, 8, 37, 8213, 8000, 8000, '2017-03-04'),
(5976, 9, 37, 2314, 2000, 2000, '2017-03-04'),
(5977, 10, 37, 8213, 8000, 8000, '2017-02-02'),
(5978, 11, 37, 2314, 2000, 2000, '2017-02-02'),
(5979, 12, 37, 0, 0, 0, NULL),
(5980, 13, 37, 2314, 2000, 2000, '2017-03-04'),
(5981, 14, 37, 0, 0, 1000, '2017-03-04'),
(5982, 15, 37, 2314, 2000, 2000, '2017-03-04'),
(5983, 16, 37, 2314, 2000, 2000, '2017-02-02'),
(5984, 17, 37, 2314, 2000, 0, NULL),
(5985, 18, 37, 0, 0, 0, NULL),
(5986, 19, 37, 8213, 8000, 8000, '2017-03-04'),
(5987, 20, 37, 2314, 2000, 2000, '2017-03-04'),
(5988, 21, 37, 8213, 8000, 8000, '2017-03-04'),
(5989, 22, 37, 0, 0, 2000, '2017-03-04'),
(5990, 1, 38, 0, 0, 0, NULL),
(5991, 2, 38, 0, 0, 0, NULL),
(5992, 3, 38, 0, 0, 0, NULL),
(5993, 4, 38, 0, 0, 12000, '2017-02-02'),
(5994, 5, 38, 0, 0, 0, NULL),
(5995, 6, 38, 0, 0, 0, NULL),
(5996, 7, 38, 0, 0, 0, NULL),
(5997, 8, 38, 0, 0, 0, NULL),
(5998, 9, 38, 0, 0, 12000, '2017-03-04'),
(5999, 10, 38, 0, 0, 12000, '2017-02-02'),
(6000, 11, 38, 0, 0, 0, NULL),
(6001, 12, 38, 0, 0, 0, NULL),
(6002, 13, 38, 0, 0, 0, NULL),
(6003, 14, 38, 0, 0, 0, NULL),
(6004, 15, 38, 0, 0, 0, NULL),
(6005, 16, 38, 0, 0, 0, NULL),
(6006, 17, 38, 0, 0, 0, NULL),
(6007, 18, 38, 0, 0, 0, NULL),
(6008, 19, 38, 0, 0, 0, NULL),
(6009, 20, 38, 0, 0, 0, NULL),
(6010, 21, 38, 0, 0, 0, NULL),
(6011, 22, 38, 0, 0, 0, NULL),
(6012, 1, 39, 13688, 14000, 14000, '2017-03-04'),
(6013, 2, 39, 13688, 14000, 14000, '2017-03-04'),
(6014, 3, 39, 13688, 14000, 14000, '2017-03-04'),
(6015, 4, 39, 28500, 29000, 29000, '2017-02-02'),
(6016, 5, 39, 0, 0, 5000, '2017-03-04'),
(6017, 6, 39, 0, 0, 10000, '2017-03-04'),
(6018, 7, 39, 13688, 14000, 0, NULL),
(6019, 8, 39, 13688, 14000, 14000, '2017-03-04'),
(6020, 9, 39, 3857, 4000, 4000, '2017-03-04'),
(6021, 10, 39, 13688, 14000, 14000, '2017-02-02'),
(6022, 11, 39, 3857, 4000, 4000, '2017-02-02'),
(6023, 12, 39, 0, 0, 0, NULL),
(6024, 13, 39, 3857, 4000, 4000, '2017-03-04'),
(6025, 14, 39, 0, 0, 2000, '2017-03-04'),
(6026, 15, 39, 3857, 4000, 4000, '2017-03-04'),
(6027, 16, 39, 3857, 4000, 4000, '2017-02-02'),
(6028, 17, 39, 3857, 4000, 0, NULL),
(6029, 18, 39, 0, 0, 0, NULL),
(6030, 19, 39, 13688, 14000, 14000, '2017-03-04'),
(6031, 20, 39, 3857, 4000, 4000, '2017-03-04'),
(6032, 21, 39, 13688, 14000, 14000, '2017-03-04'),
(6033, 22, 39, 0, 0, 2000, '2017-03-04'),
(6034, 1, 40, 27375, 27000, 27000, '2017-03-04'),
(6035, 2, 40, 27375, 27000, 27000, '2017-03-04'),
(6036, 3, 40, 27375, 27000, 27000, '2017-03-04'),
(6037, 4, 40, 57000, 57000, 57000, '2017-02-02'),
(6038, 5, 40, 0, 0, 0, NULL),
(6039, 6, 40, 0, 0, 0, NULL),
(6040, 7, 40, 27375, 27000, 0, NULL),
(6041, 8, 40, 27375, 27000, 27000, '2017-03-04'),
(6042, 9, 40, 7714, 8000, 8000, '2017-03-04'),
(6043, 10, 40, 27375, 27000, 27000, '2017-02-02'),
(6044, 11, 40, 7714, 8000, 8000, '2017-02-02'),
(6045, 12, 40, 0, 0, 0, NULL),
(6046, 13, 40, 7714, 8000, 8000, '2017-03-04'),
(6047, 14, 40, 0, 0, 2000, '2017-03-04'),
(6048, 15, 40, 7714, 8000, 8000, '2017-03-04'),
(6049, 16, 40, 7714, 8000, 8000, '2017-02-02'),
(6050, 17, 40, 7714, 8000, 0, NULL),
(6051, 18, 40, 0, 0, 0, NULL),
(6052, 19, 40, 27375, 27000, 27000, '2017-03-04'),
(6053, 20, 40, 7714, 8000, 8000, '2017-03-04'),
(6054, 21, 40, 27375, 27000, 27000, '2017-03-04'),
(6055, 22, 40, 0, 0, 0, NULL),
(6056, 1, 41, 16425, 16000, 16000, '2017-03-04'),
(6057, 2, 41, 16425, 16000, 16000, '2017-03-04'),
(6058, 3, 41, 16425, 16000, 16000, '2017-03-04'),
(6059, 4, 41, 34200, 34000, 34000, '2017-02-02'),
(6060, 5, 41, 0, 0, 0, NULL),
(6061, 6, 41, 0, 0, 10000, '2017-03-04'),
(6062, 7, 41, 16425, 16000, 0, NULL),
(6063, 8, 41, 16425, 16000, 16000, '2017-03-04'),
(6064, 9, 41, 4629, 5000, 5000, '2017-03-04'),
(6065, 10, 41, 16425, 16000, 16000, '2017-02-02'),
(6066, 11, 41, 4629, 5000, 5000, '2017-02-02'),
(6067, 12, 41, 0, 0, 0, NULL),
(6068, 13, 41, 4629, 5000, 5000, '2017-03-04'),
(6069, 14, 41, 0, 0, 4000, '2017-03-04'),
(6070, 15, 41, 4629, 5000, 5000, '2017-03-04'),
(6071, 16, 41, 4629, 5000, 5000, '2017-02-02'),
(6072, 17, 41, 4629, 5000, 0, NULL),
(6073, 18, 41, 0, 0, 0, NULL),
(6074, 19, 41, 16425, 16000, 16000, '2017-03-04'),
(6075, 20, 41, 4629, 5000, 5000, '2017-03-04'),
(6076, 21, 41, 16425, 16000, 16000, '2017-03-04'),
(6077, 22, 41, 0, 0, 2000, '2017-03-04'),
(6078, 1, 42, 8213, 8000, 8000, '2017-03-04'),
(6079, 2, 42, 8213, 8000, 8000, '2017-03-04'),
(6080, 3, 42, 8213, 8000, 8000, '2017-03-04'),
(6081, 4, 42, 17100, 17000, 17000, '2017-02-02'),
(6082, 5, 42, 0, 0, 0, NULL),
(6083, 6, 42, 0, 0, 10000, '2017-03-04'),
(6084, 7, 42, 8213, 8000, 0, NULL),
(6085, 8, 42, 8213, 8000, 8000, '2017-03-04'),
(6086, 9, 42, 2314, 2000, 2000, '2017-03-04'),
(6087, 10, 42, 8213, 8000, 8000, '2017-02-02'),
(6088, 11, 42, 2314, 2000, 2000, '2017-02-02'),
(6089, 12, 42, 0, 0, 0, NULL),
(6090, 13, 42, 2314, 2000, 2000, '2017-03-04'),
(6091, 14, 42, 0, 0, 2000, '2017-03-04'),
(6092, 15, 42, 2314, 2000, 2000, '2017-03-04'),
(6093, 16, 42, 2314, 2000, 2000, '2017-02-02'),
(6094, 17, 42, 2314, 2000, 0, NULL),
(6095, 18, 42, 0, 0, 0, NULL),
(6096, 19, 42, 8213, 8000, 8000, '2017-03-04'),
(6097, 20, 42, 2314, 2000, 2000, '2017-03-04'),
(6098, 21, 42, 8213, 8000, 8000, '2017-03-04'),
(6099, 22, 42, 0, 0, 5000, '2017-03-04'),
(6100, 1, 43, 37321, 37000, 37000, '2017-03-04'),
(6101, 2, 43, 37321, 37000, 37000, '2017-03-04'),
(6102, 3, 43, 37321, 37000, 37000, '2017-03-04'),
(6103, 4, 43, 77710, 78000, 78000, '2017-02-02'),
(6104, 5, 43, 0, 0, 15000, '2017-03-04'),
(6105, 6, 43, 0, 0, 0, NULL),
(6106, 7, 43, 37321, 37000, 0, NULL),
(6107, 8, 43, 37321, 37000, 37000, '2017-03-04'),
(6108, 9, 43, 10517, 11000, 11000, '2017-03-04'),
(6109, 10, 43, 37321, 37000, 37000, '2017-02-02'),
(6110, 11, 43, 10517, 11000, 11000, '2017-02-02'),
(6111, 12, 43, 0, 0, 0, NULL),
(6112, 13, 43, 10517, 11000, 11000, '2017-03-04'),
(6113, 14, 43, 0, 0, 7000, '2017-03-04'),
(6114, 15, 43, 10517, 11000, 11000, '2017-03-04'),
(6115, 16, 43, 10517, 11000, 11000, '2017-02-02'),
(6116, 17, 43, 10517, 11000, 0, NULL),
(6117, 18, 43, 0, 0, 0, NULL),
(6118, 19, 43, 37321, 37000, 37000, '2017-03-04'),
(6119, 20, 43, 10517, 11000, 11000, '2017-03-04'),
(6120, 21, 43, 37321, 37000, 37000, '2017-03-04'),
(6121, 22, 43, 0, 0, 5000, '2017-03-04'),
(6122, 1, 44, 3741, 4000, 4000, '2017-03-04'),
(6123, 2, 44, 3741, 4000, 4000, '2017-03-04'),
(6124, 3, 44, 3741, 4000, 4000, '2017-03-04'),
(6125, 4, 44, 7790, 8000, 8000, '2017-02-02'),
(6126, 5, 44, 0, 0, 0, NULL),
(6127, 6, 44, 0, 0, 10000, '2017-03-04'),
(6128, 7, 44, 3741, 4000, 0, NULL),
(6129, 8, 44, 3741, 4000, 4000, '2017-03-04'),
(6130, 9, 44, 1054, 1000, 1000, '2017-03-04'),
(6131, 10, 44, 3741, 4000, 4000, '2017-02-02'),
(6132, 11, 44, 1054, 1000, 1000, '2017-02-02'),
(6133, 12, 44, 0, 0, 0, NULL),
(6134, 13, 44, 1054, 1000, 1000, '2017-03-04'),
(6135, 14, 44, 0, 0, 1000, '2017-03-04'),
(6136, 15, 44, 1054, 1000, 1000, '2017-03-04'),
(6137, 16, 44, 1054, 1000, 1000, '2017-02-02'),
(6138, 17, 44, 1054, 1000, 0, NULL),
(6139, 18, 44, 0, 0, 0, NULL),
(6140, 19, 44, 3741, 4000, 4000, '2017-03-04'),
(6141, 20, 44, 1054, 1000, 1000, '2017-03-04'),
(6142, 21, 44, 3741, 4000, 4000, '2017-03-04'),
(6143, 22, 44, 0, 0, 2000, '2017-03-04'),
(6144, 1, 45, 9308, 9000, 9000, '2017-03-04'),
(6145, 2, 45, 9308, 9000, 9000, '2017-03-04'),
(6146, 3, 45, 9308, 9000, 9000, '2017-03-04'),
(6147, 4, 45, 19380, 19000, 19000, '2017-02-02'),
(6148, 5, 45, 0, 0, 0, NULL),
(6149, 6, 45, 0, 0, 10000, '2017-03-04'),
(6150, 7, 45, 9308, 9000, 0, NULL),
(6151, 8, 45, 9308, 9000, 9000, '2017-03-04'),
(6152, 9, 45, 2623, 3000, 3000, '2017-03-04'),
(6153, 10, 45, 9308, 9000, 9000, '2017-02-02'),
(6154, 11, 45, 2623, 3000, 3000, '2017-02-02'),
(6155, 12, 45, 0, 0, 0, NULL),
(6156, 13, 45, 2623, 3000, 3000, '2017-03-04'),
(6157, 14, 45, 0, 0, 1000, '2017-03-04'),
(6158, 15, 45, 2623, 3000, 3000, '2017-03-04'),
(6159, 16, 45, 2623, 3000, 3000, '2017-02-02'),
(6160, 17, 45, 2623, 3000, 0, NULL),
(6161, 18, 45, 0, 0, 0, NULL),
(6162, 19, 45, 9308, 9000, 9000, '2017-03-04'),
(6163, 20, 45, 2623, 3000, 3000, '2017-03-04'),
(6164, 21, 45, 9308, 9000, 9000, '2017-03-04'),
(6165, 22, 45, 0, 0, 2000, '2017-03-04'),
(6166, 1, 47, 0, 0, 0, '2017-03-04'),
(6167, 2, 47, 0, 0, 0, NULL),
(6168, 3, 47, 0, 0, 0, NULL),
(6169, 4, 47, 0, 0, 0, NULL),
(6170, 5, 47, 0, 0, 10000, '2017-03-04'),
(6171, 6, 47, 0, 0, 0, NULL),
(6172, 7, 47, 0, 0, 0, NULL),
(6173, 8, 47, 0, 0, 0, NULL),
(6174, 9, 47, 0, 0, 0, NULL),
(6175, 10, 47, 0, 0, 0, NULL),
(6176, 11, 47, 0, 0, 0, NULL),
(6177, 12, 47, 0, 0, 0, NULL),
(6178, 13, 47, 0, 0, 0, NULL),
(6179, 14, 47, 0, 0, 0, NULL),
(6180, 15, 47, 0, 0, 0, NULL),
(6181, 16, 47, 0, 0, 0, NULL),
(6182, 17, 47, 0, 0, 10000, '2017-02-02'),
(6183, 18, 47, 0, 0, 0, NULL),
(6184, 19, 47, 0, 0, 0, NULL),
(6185, 20, 47, 0, 0, 0, NULL),
(6186, 21, 47, 0, 0, 0, NULL),
(6187, 22, 47, 0, 0, 0, NULL),
(6188, 1, 48, 22813, 23000, 23000, '2017-03-04'),
(6189, 2, 48, 22813, 23000, 23000, '2017-03-04'),
(6190, 3, 48, 22813, 23000, 23000, '2017-03-04'),
(6191, 4, 48, 47500, 48000, 48000, '2017-02-02'),
(6192, 5, 48, 0, 0, 0, NULL),
(6193, 6, 48, 0, 0, 10000, '2017-03-04'),
(6194, 7, 48, 22813, 23000, 0, NULL),
(6195, 8, 48, 22813, 23000, 23000, '2017-03-04'),
(6196, 9, 48, 6429, 6000, 6000, '2017-03-04'),
(6197, 10, 48, 22813, 23000, 23000, '2017-02-02'),
(6198, 11, 48, 6429, 6000, 6000, '2017-02-02'),
(6199, 12, 48, 0, 0, 0, NULL),
(6200, 13, 48, 6429, 6000, 6000, '2017-03-04'),
(6201, 14, 48, 0, 0, 2000, '2017-03-04'),
(6202, 15, 48, 6429, 6000, 6000, '2017-03-04'),
(6203, 16, 48, 6429, 6000, 6000, '2017-02-02'),
(6204, 17, 48, 6429, 6000, 0, NULL),
(6205, 18, 48, 0, 0, 0, NULL),
(6206, 19, 48, 22813, 23000, 23000, '2017-03-04'),
(6207, 20, 48, 6429, 6000, 6000, '2017-03-04'),
(6208, 21, 48, 22813, 23000, 23000, '2017-03-04'),
(6209, 22, 48, 0, 0, 2000, '2017-03-04'),
(6210, 1, 49, 10000, 10000, 10000, '2017-03-04'),
(6211, 2, 49, 10000, 10000, 10000, '2017-03-04'),
(6212, 3, 49, 0, 0, 0, NULL),
(6213, 4, 49, 10000, 10000, 10000, '2017-02-02'),
(6214, 5, 49, 0, 0, 0, NULL),
(6215, 6, 49, 0, 0, 0, NULL),
(6216, 7, 49, 10000, 10000, 0, NULL),
(6217, 8, 49, 10000, 10000, 10000, '2017-03-04'),
(6218, 9, 49, 10000, 10000, 10000, '2017-03-04'),
(6219, 10, 49, 10000, 10000, 10000, '2017-02-02'),
(6220, 11, 49, 0, 0, 0, NULL),
(6221, 12, 49, 10000, 10000, 10000, '2017-03-04'),
(6222, 13, 49, 10000, 10000, 10000, '2017-03-04'),
(6223, 14, 49, 0, 0, 0, NULL),
(6224, 15, 49, 10000, 10000, 10000, '2017-03-04'),
(6225, 16, 49, 0, 0, 0, NULL),
(6226, 17, 49, 10000, 10000, 0, NULL),
(6227, 18, 49, 10000, 10000, 0, NULL),
(6228, 19, 49, 10000, 10000, 10000, '2017-03-04'),
(6229, 20, 49, 10000, 10000, 10000, '2017-03-04'),
(6230, 21, 49, 10000, 10000, 10000, '2017-03-04'),
(6231, 22, 49, 0, 0, 0, NULL),
(6232, 1, 50, 27375, 27000, 27000, '2017-03-04'),
(6233, 2, 50, 27375, 27000, 27000, '2017-03-04'),
(6234, 3, 50, 27375, 27000, 27000, '2017-03-04'),
(6235, 4, 50, 57000, 57000, 57000, '2017-02-02'),
(6236, 5, 50, 0, 0, 0, NULL),
(6237, 6, 50, 0, 0, 10000, '2017-03-04'),
(6238, 7, 50, 27375, 27000, 0, NULL),
(6239, 8, 50, 27375, 27000, 27000, '2017-03-04'),
(6240, 9, 50, 7714, 8000, 8000, '2017-03-04'),
(6241, 10, 50, 27375, 27000, 27000, '2017-02-02'),
(6242, 11, 50, 7714, 8000, 8000, '2017-02-02'),
(6243, 12, 50, 0, 0, 0, NULL),
(6244, 13, 50, 7714, 8000, 8000, '2017-03-04'),
(6245, 14, 50, 0, 0, 3000, '2017-03-04'),
(6246, 15, 50, 7714, 8000, 8000, '2017-03-04'),
(6247, 16, 50, 7714, 8000, 8000, '2017-02-02'),
(6248, 17, 50, 7714, 8000, 0, NULL),
(6249, 18, 50, 0, 0, 0, NULL),
(6250, 19, 50, 27375, 27000, 27000, '2017-03-04'),
(6251, 20, 50, 7714, 8000, 8000, '2017-03-04'),
(6252, 21, 50, 27375, 27000, 27000, '2017-03-04'),
(6253, 22, 50, 0, 0, 2000, '2017-03-04'),
(6254, 1, 51, 0, 0, 1550000, '2017-03-04'),
(6255, 2, 51, 0, 0, 306000, '2017-03-04'),
(6256, 3, 51, 0, 0, 100000, '2017-03-04'),
(6257, 4, 51, 0, 0, 2000000, '2017-02-02'),
(6258, 5, 51, 0, 0, 25000, '2017-03-04'),
(6259, 6, 51, 0, 0, 10000, '2017-03-04'),
(6260, 7, 51, 0, 0, 0, NULL),
(6261, 8, 51, 0, 0, 400000, '2017-03-04'),
(6262, 9, 51, 0, 0, 400000, '2017-03-04'),
(6263, 10, 51, 0, 0, 420000, '2017-02-02'),
(6264, 11, 51, 0, 0, 67000, '2017-02-02'),
(6265, 12, 51, 0, 0, 90000, '2017-03-04'),
(6266, 13, 51, 0, 0, 45000, '2017-03-04'),
(6267, 14, 51, 0, 0, 37500, '2017-03-04'),
(6268, 15, 51, 0, 0, 200000, '2017-03-04'),
(6269, 16, 51, 0, 0, 45000, '2017-02-02'),
(6270, 17, 51, 0, 0, 0, NULL),
(6271, 18, 51, 0, 0, 0, NULL),
(6272, 19, 51, 0, 0, 425000, '2017-03-04'),
(6273, 20, 51, 0, 0, 22000, '2017-03-04'),
(6274, 21, 51, 0, 0, 698000, '2017-03-04'),
(6275, 22, 51, 0, 0, 30000, '2017-03-04'),
(6276, 1, 52, 118625, 119000, 119000, '2017-03-04'),
(6277, 2, 52, 118625, 119000, 119000, '2017-03-04'),
(6278, 3, 52, 118625, 119000, 119000, '2017-03-04'),
(6279, 4, 52, 247000, 247000, 247000, '2017-02-02'),
(6280, 5, 52, 0, 0, 15000, '2017-03-04'),
(6281, 6, 52, 0, 0, 10000, '2017-03-04'),
(6282, 7, 52, 118625, 119000, 0, NULL),
(6283, 8, 52, 118625, 119000, 119000, '2017-03-04'),
(6284, 9, 52, 33429, 33000, 33000, '2017-03-04'),
(6285, 10, 52, 118625, 119000, 119000, '2017-02-02'),
(6286, 11, 52, 33429, 33000, 33000, '2017-02-02'),
(6287, 12, 52, 0, 0, 0, NULL),
(6288, 13, 52, 33429, 33000, 33000, '2017-03-04'),
(6289, 14, 52, 0, 0, 15000, '2017-03-04'),
(6290, 15, 52, 33429, 33000, 33000, '2017-03-04'),
(6291, 16, 52, 33429, 33000, 35000, '2017-02-02'),
(6292, 17, 52, 33429, 33000, 0, NULL),
(6293, 18, 52, 0, 0, 0, NULL),
(6294, 19, 52, 118625, 119000, 119000, '2017-03-04'),
(6295, 20, 52, 33429, 33000, 33000, '2017-03-04'),
(6296, 21, 52, 118625, 119000, 119000, '2017-03-04'),
(6297, 22, 52, 0, 0, 10000, '2017-03-04'),
(7320, 1, 54, 0, 0, 0, NULL),
(7321, 2, 54, 0, 0, 0, NULL),
(7322, 3, 54, 0, 0, 0, NULL),
(7323, 4, 54, 0, 0, 0, NULL),
(7324, 5, 54, 0, 0, 0, NULL),
(7325, 6, 54, 0, 0, 0, NULL),
(7326, 7, 54, 0, 0, 0, NULL),
(7327, 8, 54, 0, 0, 0, NULL),
(7328, 9, 54, 0, 0, 0, NULL),
(7329, 10, 54, 0, 0, 0, NULL),
(7330, 11, 54, 0, 0, 0, NULL),
(7331, 12, 54, 0, 0, 0, NULL),
(7332, 13, 54, 0, 0, 0, NULL),
(7333, 14, 54, 0, 0, 0, NULL),
(7334, 15, 54, 0, 0, 0, NULL),
(7335, 16, 54, 0, 0, 0, NULL),
(7336, 17, 54, 0, 0, 0, NULL),
(7337, 18, 54, 0, 0, 0, NULL),
(7338, 19, 54, 0, 0, 0, NULL),
(7339, 20, 54, 0, 0, 0, NULL),
(7340, 21, 54, 0, 0, 0, NULL),
(7341, 22, 54, 0, 0, 0, NULL),
(7342, 1, 55, 8213, 8000, 0, NULL),
(7343, 2, 55, 8213, 8000, 0, NULL),
(7344, 3, 55, 8213, 8000, 0, NULL),
(7345, 4, 55, 17100, 17000, 0, NULL),
(7346, 5, 55, 0, 0, 0, NULL),
(7347, 6, 55, 0, 0, 0, NULL),
(7348, 7, 55, 8213, 8000, 0, NULL),
(7349, 8, 55, 8213, 8000, 0, NULL),
(7350, 9, 55, 2314, 2000, 0, NULL),
(7351, 10, 55, 8213, 8000, 0, NULL),
(7352, 11, 55, 2314, 2000, 0, NULL),
(7353, 12, 55, 0, 0, 0, NULL),
(7354, 13, 55, 2314, 2000, 0, NULL),
(7355, 14, 55, 0, 0, 0, NULL),
(7356, 15, 55, 2314, 2000, 0, NULL),
(7357, 16, 55, 2314, 2000, 0, NULL),
(7358, 17, 55, 2314, 2000, 0, NULL),
(7359, 18, 55, 0, 0, 0, NULL),
(7360, 19, 55, 8213, 8000, 0, NULL),
(7361, 20, 55, 2314, 2000, 0, NULL),
(7362, 21, 55, 8213, 8000, 0, NULL),
(7363, 22, 55, 0, 0, 0, NULL),
(7364, 1, 57, 13688, 14000, 0, NULL),
(7365, 2, 57, 13688, 14000, 0, NULL),
(7366, 3, 57, 13688, 14000, 0, NULL),
(7367, 4, 57, 28500, 29000, 0, NULL),
(7368, 5, 57, 0, 0, 0, NULL),
(7369, 6, 57, 0, 0, 0, NULL),
(7370, 7, 57, 13688, 14000, 0, NULL),
(7371, 8, 57, 13688, 14000, 0, NULL),
(7372, 9, 57, 3857, 4000, 0, NULL),
(7373, 10, 57, 13688, 14000, 0, NULL),
(7374, 11, 57, 3857, 4000, 0, NULL),
(7375, 12, 57, 0, 0, 0, NULL),
(7376, 13, 57, 3857, 4000, 0, NULL),
(7377, 14, 57, 0, 0, 0, NULL),
(7378, 15, 57, 3857, 4000, 0, NULL),
(7379, 16, 57, 3857, 4000, 0, NULL),
(7380, 17, 57, 3857, 4000, 0, NULL),
(7381, 18, 57, 0, 0, 0, NULL),
(7382, 19, 57, 13688, 14000, 0, NULL),
(7383, 20, 57, 3857, 4000, 0, NULL),
(7384, 21, 57, 13688, 14000, 0, NULL),
(7385, 22, 57, 0, 0, 0, NULL),
(7386, 1, 58, 27375, 27000, 0, NULL),
(7387, 2, 58, 27375, 27000, 0, NULL),
(7388, 3, 58, 27375, 27000, 0, NULL),
(7389, 4, 58, 57000, 57000, 0, NULL),
(7390, 5, 58, 0, 0, 0, NULL),
(7391, 6, 58, 0, 0, 0, NULL),
(7392, 7, 58, 27375, 27000, 0, NULL),
(7393, 8, 58, 27375, 27000, 0, NULL),
(7394, 9, 58, 7714, 8000, 0, NULL),
(7395, 10, 58, 27375, 27000, 0, NULL),
(7396, 11, 58, 7714, 8000, 0, NULL),
(7397, 12, 58, 0, 0, 0, NULL),
(7398, 13, 58, 7714, 8000, 0, NULL),
(7399, 14, 58, 0, 0, 0, NULL),
(7400, 15, 58, 7714, 8000, 0, NULL),
(7401, 16, 58, 7714, 8000, 0, NULL),
(7402, 17, 58, 7714, 8000, 0, NULL),
(7403, 18, 58, 0, 0, 0, NULL),
(7404, 19, 58, 27375, 27000, 0, NULL),
(7405, 20, 58, 7714, 8000, 0, NULL),
(7406, 21, 58, 27375, 27000, 0, NULL),
(7407, 22, 58, 0, 0, 0, NULL),
(7408, 1, 60, 16425, 16000, 0, NULL),
(7409, 2, 60, 16425, 16000, 0, NULL),
(7410, 3, 60, 16425, 16000, 0, NULL),
(7411, 4, 60, 34200, 34000, 0, NULL),
(7412, 5, 60, 0, 0, 0, NULL),
(7413, 6, 60, 0, 0, 0, NULL),
(7414, 7, 60, 16425, 16000, 0, NULL),
(7415, 8, 60, 16425, 16000, 0, NULL),
(7416, 9, 60, 4629, 5000, 0, NULL),
(7417, 10, 60, 16425, 16000, 0, NULL),
(7418, 11, 60, 4629, 5000, 0, NULL),
(7419, 12, 60, 0, 0, 0, NULL),
(7420, 13, 60, 4629, 5000, 0, NULL),
(7421, 14, 60, 0, 0, 0, NULL),
(7422, 15, 60, 4629, 5000, 0, NULL),
(7423, 16, 60, 4629, 5000, 0, NULL),
(7424, 17, 60, 4629, 5000, 0, NULL),
(7425, 18, 60, 0, 0, 0, NULL),
(7426, 19, 60, 16425, 16000, 0, NULL),
(7427, 20, 60, 4629, 5000, 0, NULL),
(7428, 21, 60, 16425, 16000, 0, NULL),
(7429, 22, 60, 0, 0, 0, NULL),
(7430, 1, 61, 7300, 7000, 0, NULL),
(7431, 2, 61, 7300, 7000, 0, NULL),
(7432, 3, 61, 7300, 7000, 0, NULL),
(7433, 4, 61, 15200, 15000, 0, NULL),
(7434, 5, 61, 0, 0, 0, NULL),
(7435, 6, 61, 0, 0, 0, NULL),
(7436, 7, 61, 7300, 7000, 0, NULL),
(7437, 8, 61, 7300, 7000, 0, NULL),
(7438, 9, 61, 2057, 2000, 0, NULL),
(7439, 10, 61, 7300, 7000, 0, NULL),
(7440, 11, 61, 2057, 2000, 0, NULL),
(7441, 12, 61, 0, 0, 0, NULL),
(7442, 13, 61, 2057, 2000, 0, NULL),
(7443, 14, 61, 0, 0, 0, NULL),
(7444, 15, 61, 2057, 2000, 0, NULL),
(7445, 16, 61, 2057, 2000, 0, NULL),
(7446, 17, 61, 2057, 2000, 0, NULL),
(7447, 18, 61, 0, 0, 0, NULL),
(7448, 19, 61, 7300, 7000, 0, NULL),
(7449, 20, 61, 2057, 2000, 0, NULL),
(7450, 21, 61, 7300, 7000, 0, NULL),
(7451, 22, 61, 0, 0, 0, NULL),
(7452, 1, 62, 52378, 52000, 0, NULL),
(7453, 2, 62, 52378, 52000, 0, NULL),
(7454, 3, 62, 52378, 52000, 0, NULL),
(7455, 4, 62, 109060, 109000, 0, NULL),
(7456, 5, 62, 0, 0, 0, NULL),
(7457, 6, 62, 0, 0, 0, NULL),
(7458, 7, 62, 52378, 52000, 0, NULL),
(7459, 8, 62, 52378, 52000, 0, NULL),
(7460, 9, 62, 14760, 15000, 0, NULL),
(7461, 10, 62, 52378, 52000, 0, NULL),
(7462, 11, 62, 14760, 15000, 0, NULL),
(7463, 12, 62, 0, 0, 0, NULL),
(7464, 13, 62, 14760, 15000, 0, NULL),
(7465, 14, 62, 0, 0, 0, NULL),
(7466, 15, 62, 14760, 15000, 0, NULL),
(7467, 16, 62, 14760, 15000, 0, NULL),
(7468, 17, 62, 14760, 15000, 0, NULL),
(7469, 18, 62, 0, 0, 0, NULL),
(7470, 19, 62, 52378, 52000, 0, NULL),
(7471, 20, 62, 14760, 15000, 0, NULL),
(7472, 21, 62, 52378, 52000, 0, NULL),
(7473, 22, 62, 0, 0, 0, NULL),
(7474, 1, 63, 5201, 5000, 0, NULL),
(7475, 2, 63, 5201, 5000, 0, NULL),
(7476, 3, 63, 5201, 5000, 0, NULL),
(7477, 4, 63, 10830, 11000, 0, NULL),
(7478, 5, 63, 0, 0, 0, NULL),
(7479, 6, 63, 0, 0, 0, NULL),
(7480, 7, 63, 5201, 5000, 0, NULL),
(7481, 8, 63, 5201, 5000, 0, NULL),
(7482, 9, 63, 1466, 1000, 0, NULL),
(7483, 10, 63, 5201, 5000, 0, NULL),
(7484, 11, 63, 1466, 1000, 0, NULL),
(7485, 12, 63, 0, 0, 0, NULL),
(7486, 13, 63, 1466, 1000, 0, NULL),
(7487, 14, 63, 0, 0, 0, NULL),
(7488, 15, 63, 1466, 1000, 0, NULL),
(7489, 16, 63, 1466, 1000, 0, NULL),
(7490, 17, 63, 1466, 1000, 0, NULL),
(7491, 18, 63, 0, 0, 0, NULL),
(7492, 19, 63, 5201, 5000, 0, NULL),
(7493, 20, 63, 1466, 1000, 0, NULL),
(7494, 21, 63, 5201, 5000, 0, NULL),
(7495, 22, 63, 0, 0, 0, NULL),
(7496, 1, 64, 13140, 13000, 0, NULL),
(7497, 2, 64, 13140, 13000, 0, NULL),
(7498, 3, 64, 13140, 13000, 0, NULL),
(7499, 4, 64, 27360, 27000, 0, NULL),
(7500, 5, 64, 0, 0, 0, NULL),
(7501, 6, 64, 0, 0, 0, NULL),
(7502, 7, 64, 13140, 13000, 0, NULL),
(7503, 8, 64, 13140, 13000, 0, NULL),
(7504, 9, 64, 3703, 4000, 0, NULL),
(7505, 10, 64, 13140, 13000, 0, NULL),
(7506, 11, 64, 3703, 4000, 0, NULL),
(7507, 12, 64, 0, 0, 0, NULL),
(7508, 13, 64, 3703, 4000, 0, NULL),
(7509, 14, 64, 0, 0, 0, NULL),
(7510, 15, 64, 3703, 4000, 0, NULL),
(7511, 16, 64, 3703, 4000, 0, NULL),
(7512, 17, 64, 3703, 4000, 0, NULL),
(7513, 18, 64, 0, 0, 0, NULL),
(7514, 19, 64, 13140, 13000, 0, NULL),
(7515, 20, 64, 3703, 4000, 0, NULL),
(7516, 21, 64, 13140, 13000, 0, NULL),
(7517, 22, 64, 0, 0, 0, NULL),
(7518, 1, 65, 0, 0, 0, NULL),
(7519, 2, 65, 0, 0, 0, NULL),
(7520, 3, 65, 0, 0, 0, NULL),
(7521, 4, 65, 0, 0, 0, NULL),
(7522, 5, 65, 0, 0, 0, NULL),
(7523, 6, 65, 0, 0, 0, NULL),
(7524, 7, 65, 0, 0, 0, NULL),
(7525, 8, 65, 0, 0, 0, NULL),
(7526, 9, 65, 0, 0, 0, NULL),
(7527, 10, 65, 0, 0, 0, NULL),
(7528, 11, 65, 0, 0, 0, NULL),
(7529, 12, 65, 0, 0, 0, NULL),
(7530, 13, 65, 0, 0, 0, NULL),
(7531, 14, 65, 0, 0, 0, NULL),
(7532, 15, 65, 0, 0, 0, NULL),
(7533, 16, 65, 0, 0, 0, NULL),
(7534, 17, 65, 0, 0, 0, NULL),
(7535, 18, 65, 0, 0, 0, NULL),
(7536, 19, 65, 0, 0, 0, NULL),
(7537, 20, 65, 0, 0, 0, NULL),
(7538, 21, 65, 0, 0, 0, NULL),
(7539, 22, 65, 0, 0, 0, NULL),
(7540, 1, 66, 22813, 23000, 0, NULL),
(7541, 2, 66, 22813, 23000, 0, NULL),
(7542, 3, 66, 22813, 23000, 0, NULL),
(7543, 4, 66, 47500, 48000, 0, NULL),
(7544, 5, 66, 0, 0, 0, NULL),
(7545, 6, 66, 0, 0, 0, NULL),
(7546, 7, 66, 22813, 23000, 0, NULL),
(7547, 8, 66, 22813, 23000, 0, NULL),
(7548, 9, 66, 6429, 6000, 0, NULL),
(7549, 10, 66, 22813, 23000, 0, NULL),
(7550, 11, 66, 6429, 6000, 0, NULL),
(7551, 12, 66, 0, 0, 0, NULL),
(7552, 13, 66, 6429, 6000, 0, NULL),
(7553, 14, 66, 0, 0, 0, NULL),
(7554, 15, 66, 6429, 6000, 0, NULL),
(7555, 16, 66, 6429, 6000, 0, NULL),
(7556, 17, 66, 6429, 6000, 0, NULL),
(7557, 18, 66, 0, 0, 0, NULL),
(7558, 19, 66, 22813, 23000, 0, NULL),
(7559, 20, 66, 6429, 6000, 0, NULL),
(7560, 21, 66, 22813, 23000, 0, NULL),
(7561, 22, 66, 0, 0, 0, NULL),
(7562, 1, 67, 5475, 5000, 0, NULL),
(7563, 2, 67, 5475, 5000, 0, NULL),
(7564, 3, 67, 5475, 5000, 0, NULL),
(7565, 4, 67, 11400, 11000, 0, NULL),
(7566, 5, 67, 0, 0, 0, NULL),
(7567, 6, 67, 0, 0, 0, NULL),
(7568, 7, 67, 5475, 5000, 0, NULL),
(7569, 8, 67, 5475, 5000, 0, NULL),
(7570, 9, 67, 1543, 2000, 0, NULL),
(7571, 10, 67, 5475, 5000, 0, NULL),
(7572, 11, 67, 1543, 2000, 0, NULL),
(7573, 12, 67, 0, 0, 0, NULL),
(7574, 13, 67, 1543, 2000, 0, NULL),
(7575, 14, 67, 0, 0, 0, NULL),
(7576, 15, 67, 1543, 2000, 0, NULL),
(7577, 16, 67, 1543, 2000, 0, NULL),
(7578, 17, 67, 1543, 2000, 0, NULL),
(7579, 18, 67, 0, 0, 0, NULL),
(7580, 19, 67, 5475, 5000, 0, NULL),
(7581, 20, 67, 1543, 2000, 0, NULL),
(7582, 21, 67, 5475, 5000, 0, NULL),
(7583, 22, 67, 0, 0, 0, NULL),
(7584, 1, 68, 6000, 6000, 0, NULL),
(7585, 2, 68, 6000, 6000, 0, NULL),
(7586, 3, 68, 0, 0, 0, NULL),
(7587, 4, 68, 6000, 6000, 0, NULL),
(7588, 5, 68, 0, 0, 0, NULL),
(7589, 6, 68, 0, 0, 0, NULL),
(7590, 7, 68, 6000, 6000, 0, NULL),
(7591, 8, 68, 6000, 6000, 0, NULL),
(7592, 9, 68, 6000, 6000, 0, NULL),
(7593, 10, 68, 6000, 6000, 0, NULL),
(7594, 11, 68, 0, 0, 0, NULL),
(7595, 12, 68, 6000, 6000, 0, NULL),
(7596, 13, 68, 6000, 6000, 0, NULL),
(7597, 14, 68, 0, 0, 0, NULL),
(7598, 15, 68, 6000, 6000, 0, NULL),
(7599, 16, 68, 0, 0, 0, NULL),
(7600, 17, 68, 6000, 6000, 0, NULL),
(7601, 18, 68, 6000, 6000, 0, NULL),
(7602, 19, 68, 6000, 6000, 0, NULL),
(7603, 20, 68, 6000, 6000, 0, NULL),
(7604, 21, 68, 6000, 6000, 0, NULL),
(7605, 22, 68, 0, 0, 0, NULL),
(7606, 1, 69, 118625, 119000, 0, NULL),
(7607, 2, 69, 118625, 119000, 0, NULL),
(7608, 3, 69, 118625, 119000, 0, NULL),
(7609, 4, 69, 247000, 247000, 0, NULL),
(7610, 5, 69, 0, 0, 0, NULL),
(7611, 6, 69, 0, 0, 0, NULL),
(7612, 7, 69, 118625, 119000, 0, NULL),
(7613, 8, 69, 118625, 119000, 0, NULL),
(7614, 9, 69, 33429, 33000, 0, NULL),
(7615, 10, 69, 118625, 119000, 0, NULL),
(7616, 11, 69, 33429, 33000, 0, NULL),
(7617, 12, 69, 0, 0, 0, NULL),
(7618, 13, 69, 33429, 33000, 0, NULL),
(7619, 14, 69, 0, 0, 0, NULL),
(7620, 15, 69, 33429, 33000, 0, NULL),
(7621, 16, 69, 33429, 33000, 0, NULL),
(7622, 17, 69, 33429, 33000, 0, NULL),
(7623, 18, 69, 0, 0, 0, NULL),
(7624, 19, 69, 118625, 119000, 0, NULL),
(7625, 20, 69, 33429, 33000, 0, NULL),
(7626, 21, 69, 118625, 119000, 0, NULL),
(7627, 22, 69, 0, 0, 0, NULL),
(7628, 1, 71, 10000, 10000, 0, NULL),
(7629, 2, 71, 10000, 10000, 0, NULL),
(7630, 3, 71, 0, 0, 0, NULL),
(7631, 4, 71, 10000, 10000, 0, NULL),
(7632, 5, 71, 0, 0, 0, NULL),
(7633, 6, 71, 0, 0, 0, NULL),
(7634, 7, 71, 10000, 10000, 0, NULL),
(7635, 8, 71, 10000, 10000, 0, NULL),
(7636, 9, 71, 10000, 10000, 0, NULL),
(7637, 10, 71, 10000, 10000, 0, NULL),
(7638, 11, 71, 0, 0, 0, NULL),
(7639, 12, 71, 10000, 10000, 0, NULL),
(7640, 13, 71, 10000, 10000, 0, NULL),
(7641, 14, 71, 0, 0, 0, NULL),
(7642, 15, 71, 10000, 10000, 0, NULL),
(7643, 16, 71, 0, 0, 0, NULL),
(7644, 17, 71, 10000, 10000, 0, NULL),
(7645, 18, 71, 10000, 10000, 0, NULL),
(7646, 19, 71, 10000, 10000, 0, NULL),
(7647, 20, 71, 10000, 10000, 0, NULL),
(7648, 21, 71, 10000, 10000, 0, NULL),
(7649, 22, 71, 0, 0, 0, NULL),
(7650, 1, 72, 38325, 38000, 0, NULL),
(7651, 2, 72, 38325, 38000, 0, NULL),
(7652, 3, 72, 38325, 38000, 0, NULL),
(7653, 4, 72, 79800, 80000, 0, NULL),
(7654, 5, 72, 0, 0, 0, NULL),
(7655, 6, 72, 0, 0, 0, NULL),
(7656, 7, 72, 38325, 38000, 0, NULL),
(7657, 8, 72, 38325, 38000, 0, NULL),
(7658, 9, 72, 10800, 11000, 0, NULL),
(7659, 10, 72, 38325, 38000, 0, NULL),
(7660, 11, 72, 10800, 11000, 0, NULL),
(7661, 12, 72, 0, 0, 0, NULL),
(7662, 13, 72, 10800, 11000, 0, NULL),
(7663, 14, 72, 0, 0, 0, NULL),
(7664, 15, 72, 10800, 11000, 0, NULL),
(7665, 16, 72, 10800, 11000, 0, NULL),
(7666, 17, 72, 10800, 11000, 0, NULL),
(7667, 18, 72, 0, 0, 0, NULL),
(7668, 19, 72, 38325, 38000, 0, NULL),
(7669, 20, 72, 10800, 11000, 0, NULL),
(7670, 21, 72, 38325, 38000, 0, NULL),
(7671, 22, 72, 0, 0, 0, NULL);

-- --------------------------------------------------------

--
-- Table structure for table `kaskelompok`
--

CREATE TABLE `kaskelompok` (
  `id` int(11) NOT NULL,
  `tanggal` date NOT NULL,
  `deskripsi` varchar(255) NOT NULL,
  `qty` int(11) NOT NULL DEFAULT '1',
  `debet` int(11) NOT NULL,
  `kredit` int(11) NOT NULL,
  `notes` varchar(255) NOT NULL
) ENGINE=InnoDB DEFAULT CHARSET=utf8;

--
-- Dumping data for table `kaskelompok`
--

INSERT INTO `kaskelompok` (`id`, `tanggal`, `deskripsi`, `qty`, `debet`, `kredit`, `notes`) VALUES
(1, '2017-01-23', 'BELI HANDBOOK K.U', 1, 0, 13500, ''),
(2, '2017-01-23', 'BELI PULPEN K.U', 1, 0, 2500, ''),
(3, '2017-01-27', 'BELI DOMPET PLASTIK', 20, 0, 110000, ''),
(4, '2017-01-27', 'BELI WADAH UANG', 2, 0, 16000, ''),
(5, '2017-01-27', 'BELI KALKULATOR', 1, 0, 22000, ''),
(7, '2017-01-29', 'PRINT KARTU INFAQ', 5, 0, 2500, ''),
(8, '2017-02-01', 'SALDO LEMPARAN JANUARI', 1, 1563500, 1563500, 'UANG DIPEGANG MBAK ATUN'),
(9, '2017-02-03', 'KESRA MUBALIGH KELOMPOK', 1, 0, 1300000, 'HUTANG UANG P.KYAI'),
(10, '2017-02-04', 'BELI DOMPET PLASTIK', 2, 0, 11000, ''),
(12, '2017-02-07', 'KELEBIHAN INFAQ FEB 2017 P.FIRMAN', 0, 4000, 0, ''),
(13, '2017-02-01', 'KELEBIHAN INFAQ FEB 2017 P.ANANG', 0, 51000, 0, ''),
(14, '2017-02-01', 'KELEBIHAN INFAQ FEB 2017 BU.TRESNA', 0, 1000, 0, ''),
(15, '2017-02-01', 'KELEBIHAN INFAQ FEB 2017 BU.SUSILAWATI', 0, 1000, 0, ''),
(16, '2017-02-09', 'KELEBIHAN INFAQ FEB2017 BU HETTY', 0, 1000, 0, ''),
(17, '2017-02-09', 'P.KYAI MENGGANTI KEKURANGAN INFAQ IBU FITRIYANI', 0, 10000, 0, ''),
(18, '2017-02-03', 'INFAQ KESRA MUBALIGH KELOMPOK', 0, 600000, 0, 'SETORAN INFAQ BULANAN (KE-1)'),
(19, '2017-02-10', 'INFAQ SERAGAM SENKOM GEL.1', 0, 277000, 0, 'SETORAN INFAQ BULANAN'),
(20, '2017-02-10', 'INFAQ KESRA MUBALIGH KELOMPOK', 0, 523500, 0, 'SETORAN INFAQ BULANAN (KE-2)'),
(21, '2017-02-09', 'KELEBIHAN INFAQ DAPUR PUSAT', 0, 7000, 0, ''),
(22, '2017-02-09', 'KELEBIHAN INFAQ KESRA MUBALIGH DAERAH', 0, 10000, 0, ''),
(23, '2017-02-09', 'KELEBIHAN INFAQ PPG DAERAH', 0, 7000, 0, ''),
(24, '2017-02-10', 'INFAQ PENGELUARAN KELOMPOK', 0, 214000, 0, 'SETORAN INFAQ BULANAN'),
(25, '2017-01-23', 'PINJAM UANG K.U', 0, 16000, 0, ''),
(27, '2017-01-27', 'PINJAM UANG K.U', 0, 148000, 0, ''),
(28, '2017-01-29', 'PINJAM UANG K.U', 0, 2500, 0, ''),
(29, '2017-02-03', 'PINJAM UANG P.KYAI UNTUK KESRA MUBALIGH KELOMPOK', 0, 700000, 0, ''),
(30, '2017-02-04', 'PINJAM UANG K.U', 0, 11000, 0, ''),
(31, '2017-02-10', 'PENGEMBALIAN PINJAMAN K.U', 0, 0, 177500, ''),
(32, '2017-02-10', 'PENGEMBALIAN PINJAMAN P.KYAI UNTUK KESRA MUBALIGH KELOMPOK', 0, 0, 700000, ''),
(33, '2017-02-09', 'MEMBAYAR KEKURANGAN SETORAN PEMBELAAN DAERAH', 0, 0, 53000, ''),
(34, '2017-02-09', 'MEMBAYAR KEKURANGAN SETORAN CKM PONPES', 0, 0, 4000, ''),
(35, '2017-02-09', 'MEMBAYAR KEKURANGAN SETORAN CICILAN PINJAMAN PUSAT', 0, 0, 16000, ''),
(36, '2017-02-09', 'MEMBAYAR KEKURANGAN SETORAN ORGANISASI', 0, 0, 13000, ''),
(37, '2017-02-09', 'MEMBAYAR KEKURANGAN SETORAN KEBUTUHAN DESA', 0, 0, 13000, ''),
(38, '2017-02-09', 'MEMBAYAR KEKURANGAN SETORAN BATA MERAH', 0, 0, 10000, ''),
(39, '2017-02-20', 'SODAQOH SERAGAM SENKOM DARI DR. TRESNA', 1, 200000, 0, ''),
(40, '2017-03-02', 'KELEBIHAN INFAQ MARET 2017 P.BOWO', 1, 1000, 0, ''),
(41, '2017-03-04', 'KELEBIHAN INFAQ MAR 2017 YOSE', 0, 1000, 0, ''),
(42, '2017-03-04', 'KELEBIHAN INFAQ MAR 2017 P.ANANG', 0, 5000, 0, ''),
(43, '2017-03-04', 'KELEBIHAN INFAQ MAR 2017 BU SUSILAWATI', 0, 7000, 0, ''),
(44, '2017-03-04', 'KELEBIHAN INFAQ MAR 2017 MBAK ATUN', 0, 8000, 0, ''),
(45, '2017-03-04', 'KELEBIHAN INFAQ MAR 2017 BU PAIDA', 0, 500, 0, ''),
(46, '2017-03-06', 'KELEBIHAN INFAQ MAR 2017 DR.TRESNA', 0, 17000, 0, ''),
(47, '2017-03-07', 'MEMBAYAR KEKURANGAN CICILAN PINJAMAN PUSAT', 0, 0, 4000, ''),
(48, '2017-03-07', 'KELEBIHAN INFAQ BATA MERAH MAR 2017', 0, 20000, 0, ''),
(49, '2017-03-07', 'KELEBIHAN INFAQ CKM MAR 2017', 0, 12000, 0, ''),
(50, '2017-03-07', 'KELEBIHAN INFAQ KESRA MBLG DAERAH MAR 2017', 0, 12000, 0, ''),
(51, '2017-02-28', 'KELEBIHAN INFAQ PEMBELAAN DAERAH MAR 2017', 0, 21000, 0, ''),
(52, '2017-03-07', 'KELEBIHAN INFAQ PPG MAR 2017', 0, 14000, 0, ''),
(53, '2017-03-07', 'KELEBIHAN INFAQ ORGANISASI MAR 2017', 0, 11000, 0, ''),
(54, '2017-03-07', 'KELEBIHAN INFAQ KEBUTUHAN DESA MAR 2017', 0, 9000, 0, ''),
(55, '2017-03-07', 'MENERIMA INFAQ SERAGAM SENKOM GEL.II', 0, 309000, 0, ''),
(56, '2017-03-07', 'MENERIMA INFAQ KESRA MBLG KLP MAR 2017', 0, 1330000, 0, ''),
(57, '2017-03-07', 'UKHRO MBAK LINDA', 0, 0, 700000, ''),
(58, '2017-03-07', 'UKHRO P.ANANG', 0, 0, 600000, ''),
(59, '2017-03-08', 'MEMBELI SERAGAM SENKOM', 3, 0, 600000, 'UANG DIBAWA PAK ANANG');

-- --------------------------------------------------------

--
-- Table structure for table `motor`
--

CREATE TABLE `motor` (
  `id` int(11) NOT NULL,
  `jamaah` int(11) NOT NULL,
  `tanggal` date NOT NULL,
  `nominal` int(11) NOT NULL
) ENGINE=InnoDB DEFAULT CHARSET=utf8;

--
-- Dumping data for table `motor`
--

INSERT INTO `motor` (`id`, `jamaah`, `tanggal`, `nominal`) VALUES
(1, 8, '2017-03-22', 500000);

-- --------------------------------------------------------

--
-- Table structure for table `qurban`
--

CREATE TABLE `qurban` (
  `id` int(11) NOT NULL,
  `jamaah` int(11) NOT NULL,
  `tanggal` date NOT NULL,
  `nominal` int(11) NOT NULL
) ENGINE=InnoDB DEFAULT CHARSET=utf8;

--
-- Dumping data for table `qurban`
--

INSERT INTO `qurban` (`id`, `jamaah`, `tanggal`, `nominal`) VALUES
(1, 22, '2017-03-04', 20000),
(3, 3, '2016-10-31', 100000),
(4, 3, '2016-11-30', 150000),
(5, 3, '2016-12-31', 150000),
(6, 3, '2017-01-31', 200000),
(7, 3, '2017-02-28', 250000),
(8, 4, '2016-10-31', 350000),
(9, 4, '2016-11-30', 200000),
(10, 4, '2017-02-28', 400000),
(11, 2, '2016-10-31', 200000),
(12, 2, '2016-11-30', 350000),
(13, 2, '2016-12-31', 350000),
(14, 2, '2017-01-31', 100000),
(15, 2, '2017-02-28', 250000),
(16, 23, '2016-10-01', 250000),
(17, 23, '2016-11-01', 250000),
(18, 23, '2016-12-01', 50000),
(19, 23, '2017-02-01', 100000),
(20, 24, '2016-10-01', 150000),
(21, 24, '2016-11-01', 150000),
(22, 24, '2017-01-01', 150000),
(23, 24, '2017-02-01', 150000),
(24, 14, '2016-10-01', 25000),
(25, 14, '2016-11-01', 35000),
(26, 14, '2016-12-01', 10000),
(27, 14, '2017-01-01', 10000),
(28, 14, '2017-02-01', 35000),
(29, 25, '2016-10-01', 130000),
(30, 25, '2016-11-01', 230000),
(31, 25, '2016-12-01', 180000),
(32, 25, '2017-01-01', 100000),
(33, 25, '2017-02-01', 370000),
(34, 15, '2016-10-01', 30000),
(35, 15, '2016-11-01', 40000),
(36, 15, '2016-12-01', 40000),
(37, 15, '2017-01-31', 20000),
(38, 15, '2017-02-28', 60000),
(39, 13, '2016-10-31', 30000),
(40, 13, '2016-11-30', 10000),
(41, 13, '2016-12-31', 10000),
(42, 13, '2017-01-31', 10000),
(43, 5, '2016-10-31', 75000),
(44, 5, '2016-11-30', 15000),
(45, 5, '2017-02-28', 40000),
(46, 26, '2016-10-31', 50000),
(47, 26, '2016-11-30', 50000),
(48, 26, '2016-12-31', 50000),
(49, 26, '2017-01-31', 50000),
(50, 26, '2017-02-28', 50000),
(51, 12, '2016-10-31', 120000),
(52, 12, '2016-11-30', 55000),
(53, 12, '2016-12-31', 30000),
(54, 12, '2017-02-28', 70000),
(55, 27, '2016-10-31', 70000),
(56, 27, '2016-11-30', 20000),
(57, 27, '2016-12-31', 50000),
(58, 27, '2017-01-31', 50000),
(59, 27, '2017-02-28', 170000),
(60, 17, '2016-10-31', 75000),
(61, 17, '2016-11-01', 80000),
(62, 17, '2016-12-01', 20000),
(63, 17, '2017-01-01', 30000),
(64, 17, '2017-02-28', 40000),
(65, 16, '2016-10-01', 10000),
(66, 8, '2016-11-01', 40000),
(67, 8, '2016-12-01', 20000),
(68, 8, '2017-02-28', 20000),
(69, 7, '2016-11-01', 300000),
(70, 1, '2016-12-01', 120000),
(71, 28, '2017-01-01', 290000),
(72, 28, '2017-02-28', 50000),
(73, 18, '2017-02-28', 30000);

-- --------------------------------------------------------

--
-- Table structure for table `rumus`
--

CREATE TABLE `rumus` (
  `id` int(11) NOT NULL,
  `ring` tinyint(1) DEFAULT NULL,
  `prosentase` tinyint(2) DEFAULT NULL
) ENGINE=InnoDB DEFAULT CHARSET=utf8;

--
-- Dumping data for table `rumus`
--

INSERT INTO `rumus` (`id`, `ring`, `prosentase`) VALUES
(1, 1, 19),
(2, 2, 73),
(3, 3, 18),
(4, 4, 0);

-- --------------------------------------------------------

--
-- Table structure for table `setorandesa`
--

CREATE TABLE `setorandesa` (
  `id` int(11) NOT NULL,
  `tanggal` date NOT NULL,
  `jatahdesa` int(11) NOT NULL,
  `nominal` int(11) NOT NULL
) ENGINE=InnoDB DEFAULT CHARSET=utf8;

--
-- Dumping data for table `setorandesa`
--

INSERT INTO `setorandesa` (`id`, `tanggal`, `jatahdesa`, `nominal`) VALUES
(13, '2017-02-03', 12, 600000),
(14, '2017-02-09', 1, 90000),
(15, '2017-02-09', 2, 150000),
(16, '2017-02-09', 3, 250000),
(17, '2017-02-09', 4, 180000),
(18, '2017-02-09', 5, 90000),
(19, '2017-02-09', 6, 590000),
(20, '2017-02-09', 7, 57000),
(21, '2017-02-09', 8, 145000),
(22, '2017-02-09', 9, 300000),
(23, '2017-02-10', 10, 277000),
(24, '2017-02-10', 12, 523500),
(25, '2017-02-10', 33, 214000),
(26, '2017-02-09', 34, 268000),
(27, '2017-02-09', 35, 140000),
(28, '2017-02-09', 36, 7072500);

-- --------------------------------------------------------

--
-- Table structure for table `users`
--

CREATE TABLE `users` (
  `id` int(10) UNSIGNED NOT NULL,
  `name` varchar(255) DEFAULT NULL,
  `email` varchar(255) DEFAULT NULL,
  `password` varchar(255) DEFAULT NULL,
  `passwordResetToken` varchar(255) DEFAULT NULL,
  `passwordResetExpires` datetime DEFAULT NULL,
  `gender` varchar(255) DEFAULT NULL,
  `location` varchar(255) DEFAULT NULL,
  `website` varchar(255) DEFAULT NULL,
  `picture` varchar(255) DEFAULT NULL,
  `facebook` varchar(255) DEFAULT NULL,
  `twitter` varchar(255) DEFAULT NULL,
  `google` varchar(255) DEFAULT NULL,
  `vk` varchar(255) DEFAULT NULL,
  `created_at` datetime DEFAULT NULL,
  `updated_at` datetime DEFAULT NULL
) ENGINE=InnoDB DEFAULT CHARSET=utf8;

--
-- Indexes for dumped tables
--

--
-- Indexes for table `infaq`
--
ALTER TABLE `infaq`
  ADD PRIMARY KEY (`id`);

--
-- Indexes for table `jamaah`
--
ALTER TABLE `jamaah`
  ADD PRIMARY KEY (`id`);

--
-- Indexes for table `jatahdesa`
--
ALTER TABLE `jatahdesa`
  ADD PRIMARY KEY (`id`);

--
-- Indexes for table `jatahjamaah`
--
ALTER TABLE `jatahjamaah`
  ADD PRIMARY KEY (`id`);

--
-- Indexes for table `kaskelompok`
--
ALTER TABLE `kaskelompok`
  ADD PRIMARY KEY (`id`);

--
-- Indexes for table `motor`
--
ALTER TABLE `motor`
  ADD PRIMARY KEY (`id`);

--
-- Indexes for table `qurban`
--
ALTER TABLE `qurban`
  ADD PRIMARY KEY (`id`);

--
-- Indexes for table `rumus`
--
ALTER TABLE `rumus`
  ADD PRIMARY KEY (`id`);

--
-- Indexes for table `setorandesa`
--
ALTER TABLE `setorandesa`
  ADD PRIMARY KEY (`id`);

--
-- Indexes for table `users`
--
ALTER TABLE `users`
  ADD PRIMARY KEY (`id`),
  ADD UNIQUE KEY `users_email_unique` (`email`);

--
-- AUTO_INCREMENT for dumped tables
--

--
-- AUTO_INCREMENT for table `infaq`
--
ALTER TABLE `infaq`
  MODIFY `id` int(11) NOT NULL AUTO_INCREMENT, AUTO_INCREMENT=25;
--
-- AUTO_INCREMENT for table `jamaah`
--
ALTER TABLE `jamaah`
  MODIFY `id` int(11) NOT NULL AUTO_INCREMENT, AUTO_INCREMENT=29;
--
-- AUTO_INCREMENT for table `jatahdesa`
--
ALTER TABLE `jatahdesa`
  MODIFY `id` int(11) NOT NULL AUTO_INCREMENT, AUTO_INCREMENT=73;
--
-- AUTO_INCREMENT for table `jatahjamaah`
--
ALTER TABLE `jatahjamaah`
  MODIFY `id` int(11) NOT NULL AUTO_INCREMENT, AUTO_INCREMENT=7831;
--
-- AUTO_INCREMENT for table `kaskelompok`
--
ALTER TABLE `kaskelompok`
  MODIFY `id` int(11) NOT NULL AUTO_INCREMENT, AUTO_INCREMENT=60;
--
-- AUTO_INCREMENT for table `motor`
--
ALTER TABLE `motor`
  MODIFY `id` int(11) NOT NULL AUTO_INCREMENT, AUTO_INCREMENT=2;
--
-- AUTO_INCREMENT for table `qurban`
--
ALTER TABLE `qurban`
  MODIFY `id` int(11) NOT NULL AUTO_INCREMENT, AUTO_INCREMENT=74;
--
-- AUTO_INCREMENT for table `rumus`
--
ALTER TABLE `rumus`
  MODIFY `id` int(11) NOT NULL AUTO_INCREMENT, AUTO_INCREMENT=5;
--
-- AUTO_INCREMENT for table `setorandesa`
--
ALTER TABLE `setorandesa`
  MODIFY `id` int(11) NOT NULL AUTO_INCREMENT, AUTO_INCREMENT=29;
--
-- AUTO_INCREMENT for table `users`
--
ALTER TABLE `users`
  MODIFY `id` int(10) UNSIGNED NOT NULL AUTO_INCREMENT;