# ************************************************************
# Sequel Pro SQL dump
# Version 4541
#
# http://www.sequelpro.com/
# https://github.com/sequelpro/sequelpro
#
# Host: 127.0.0.1 (MySQL 5.6.28)
# Database: kalijaga
# Generation Time: 2017-01-28 12:51:57 +0000
# ************************************************************


/*!40101 SET @OLD_CHARACTER_SET_CLIENT=@@CHARACTER_SET_CLIENT */;
/*!40101 SET @OLD_CHARACTER_SET_RESULTS=@@CHARACTER_SET_RESULTS */;
/*!40101 SET @OLD_COLLATION_CONNECTION=@@COLLATION_CONNECTION */;
/*!40101 SET NAMES utf8 */;
/*!40014 SET @OLD_FOREIGN_KEY_CHECKS=@@FOREIGN_KEY_CHECKS, FOREIGN_KEY_CHECKS=0 */;
/*!40101 SET @OLD_SQL_MODE=@@SQL_MODE, SQL_MODE='NO_AUTO_VALUE_ON_ZERO' */;
/*!40111 SET @OLD_SQL_NOTES=@@SQL_NOTES, SQL_NOTES=0 */;


# Dump of table infaq
# ------------------------------------------------------------

DROP TABLE IF EXISTS `infaq`;

CREATE TABLE `infaq` (
  `id` int(11) NOT NULL AUTO_INCREMENT,
  `item` varchar(255) NOT NULL,
  `level` varchar(255) NOT NULL DEFAULT '',
  PRIMARY KEY (`id`)
) ENGINE=InnoDB DEFAULT CHARSET=utf8;

LOCK TABLES `infaq` WRITE;
/*!40000 ALTER TABLE `infaq` DISABLE KEYS */;

INSERT INTO `infaq` (`id`, `item`, `level`)
VALUES
	(1,'DAPUR PUSAT','PUSAT'),
	(2,'BATA MERAH','PUSAT'),
	(3,'CICILAN PINJAMAN PUSAT','PUSAT'),
	(4,'CKM PONPES','DAERAH'),
	(5,'KESRA MUBALIGH DAERAH','DAERAH'),
	(6,'PEMBELAAN DAERAH','DAERAH'),
	(7,'PPG DAERAH','DAERAH'),
	(8,'ORGANISASI','DAERAH'),
	(9,'KEBUTUHAN DESA','DESA'),
	(10,'KESRA MUBALIGH KELOMPOK','KELOMPOK'),
	(11,'SERAGAM SENKOM GEL.1','KELOMPOK'),
	(12,'PERLENGKAPAN KEMATIAN','KELOMPOK'),
	(13,'PERSENAN','PUSAT'),
	(14,'PENGELUARAN KELOMPOK','KELOMPOK'),
	(15,'BANJIR BIMA','PUSAT'),
	(16,'JIMPITAN','DAERAH');

/*!40000 ALTER TABLE `infaq` ENABLE KEYS */;
UNLOCK TABLES;


# Dump of table jamaah
# ------------------------------------------------------------

DROP TABLE IF EXISTS `jamaah`;

CREATE TABLE `jamaah` (
  `id` int(11) NOT NULL AUTO_INCREMENT,
  `nama` varchar(255) NOT NULL,
  `ring` tinyint(1) DEFAULT NULL,
  `kk` tinyint(1) NOT NULL DEFAULT '0',
  PRIMARY KEY (`id`)
) ENGINE=InnoDB DEFAULT CHARSET=utf8;

LOCK TABLES `jamaah` WRITE;
/*!40000 ALTER TABLE `jamaah` DISABLE KEYS */;

INSERT INTO `jamaah` (`id`, `nama`, `ring`, `kk`)
VALUES
	(1,'KHOIRUL KUSWADI',2,1),
	(2,'HJ. KURAESIN',2,1),
	(3,'RAUHATUN NISSA',2,0),
	(4,'HJ. TRESNAWATI',1,1),
	(5,'NANI',4,0),
	(6,'LINDA PRATIWI',4,0),
	(7,'MUHAMMAD FAJAR',2,1),
	(8,'AGUS SETYO WIBOWO',2,1),
	(9,'CIK ANANG',3,1),
	(10,'FIRMANSYAH ANAS ANNAFI',2,1),
	(11,'BURHANUDIN RIYADI W',3,0),
	(12,'YENI NURAENI',4,1),
	(13,'FITRIYANI',3,1),
	(14,'PAIDA',4,0),
	(15,'SUSILAWATI',3,1),
	(16,'ITA PRASTIA',3,0),
	(17,'HETTY ASTUTI',3,1),
	(18,'SUHARTATI',4,1),
	(19,'NURHIDAYAT',2,1),
	(20,'RAMDAN AJI FAUZI',3,1),
	(21,'HENRI SUSANTO',2,1);

/*!40000 ALTER TABLE `jamaah` ENABLE KEYS */;
UNLOCK TABLES;


# Dump of table jatahdesa
# ------------------------------------------------------------

DROP TABLE IF EXISTS `jatahdesa`;

CREATE TABLE `jatahdesa` (
  `id` int(11) NOT NULL AUTO_INCREMENT,
  `bulan` tinyint(2) NOT NULL,
  `tahun` int(4) NOT NULL DEFAULT '2017',
  `item` int(11) NOT NULL,
  `nominal` int(11) NOT NULL,
  PRIMARY KEY (`id`)
) ENGINE=InnoDB DEFAULT CHARSET=utf8;

LOCK TABLES `jatahdesa` WRITE;
/*!40000 ALTER TABLE `jatahdesa` DISABLE KEYS */;

INSERT INTO `jatahdesa` (`id`, `bulan`, `tahun`, `item`, `nominal`)
VALUES
	(1,2,2017,1,90000),
	(2,2,2017,2,150000),
	(3,2,2017,3,250000),
	(4,2,2017,4,180000),
	(5,2,2017,5,90000),
	(6,2,2017,6,590000),
	(7,2,2017,7,57000),
	(8,2,2017,8,145000),
	(9,2,2017,9,300000),
	(10,2,2017,11,300000),
	(12,2,2017,10,1200000),
	(28,2,2017,0,0),
	(31,2,2017,0,0),
	(33,2,2017,14,164000),
	(34,2,2017,15,0),
	(35,2,2017,16,0),
	(36,2,2017,13,0);

/*!40000 ALTER TABLE `jatahdesa` ENABLE KEYS */;
UNLOCK TABLES;


# Dump of table jatahjamaah
# ------------------------------------------------------------

DROP TABLE IF EXISTS `jatahjamaah`;

CREATE TABLE `jatahjamaah` (
  `id` int(11) NOT NULL AUTO_INCREMENT,
  `jamaah` int(11) NOT NULL,
  `jatahdesa` int(11) NOT NULL,
  `dijatah` int(11) NOT NULL,
  `dibulatkan` int(11) NOT NULL,
  `disetorkan` int(11) NOT NULL,
  `tanggalsetor` date DEFAULT NULL,
  PRIMARY KEY (`id`)
) ENGINE=InnoDB DEFAULT CHARSET=utf8;

LOCK TABLES `jatahjamaah` WRITE;
/*!40000 ALTER TABLE `jatahjamaah` DISABLE KEYS */;

INSERT INTO `jatahjamaah` (`id`, `jamaah`, `jatahdesa`, `dijatah`, `dibulatkan`, `disetorkan`, `tanggalsetor`)
VALUES
	(4089,0,0,0,0,123,NULL),
	(4090,1,1,7538,8000,0,NULL),
	(4091,1,2,12563,13000,0,NULL),
	(4092,1,3,20938,21000,0,NULL),
	(4093,1,4,15075,15000,0,NULL),
	(4094,1,5,7538,8000,0,NULL),
	(4095,1,6,49413,49000,0,NULL),
	(4096,1,7,4774,5000,0,NULL),
	(4097,1,8,12144,12000,0,NULL),
	(4098,1,9,25125,25000,0,NULL),
	(4099,1,10,25125,25000,0,NULL),
	(4100,1,12,100500,101000,0,NULL),
	(4101,1,28,0,0,0,NULL),
	(4102,1,31,0,0,0,NULL),
	(4103,1,33,13735,14000,0,NULL),
	(4104,1,34,0,0,0,NULL),
	(4105,1,35,0,0,0,NULL),
	(4106,1,36,0,0,0,NULL),
	(4107,2,1,7538,8000,0,NULL),
	(4108,2,2,12563,13000,0,NULL),
	(4109,2,3,20938,21000,0,NULL),
	(4110,2,4,15075,15000,0,NULL),
	(4111,2,5,7538,8000,0,NULL),
	(4112,2,6,49413,49000,0,NULL),
	(4113,2,7,4774,5000,0,NULL),
	(4114,2,8,12144,12000,0,NULL),
	(4115,2,9,25125,25000,0,NULL),
	(4116,2,10,25125,25000,0,NULL),
	(4117,2,12,100500,101000,0,NULL),
	(4118,2,28,0,0,0,NULL),
	(4119,2,31,0,0,0,NULL),
	(4120,2,33,13735,14000,0,NULL),
	(4121,2,34,0,0,0,NULL),
	(4122,2,35,0,0,0,NULL),
	(4123,2,36,0,0,0,NULL),
	(4124,3,1,7538,8000,0,NULL),
	(4125,3,2,12563,13000,0,NULL),
	(4126,3,3,20938,21000,0,NULL),
	(4127,3,4,15075,15000,0,NULL),
	(4128,3,5,7538,8000,0,NULL),
	(4129,3,6,49413,49000,0,NULL),
	(4130,3,7,4774,5000,0,NULL),
	(4131,3,8,12144,12000,0,NULL),
	(4132,3,9,25125,25000,0,NULL),
	(4133,3,10,25125,25000,0,NULL),
	(4134,3,12,100500,101000,0,NULL),
	(4135,3,28,0,0,0,NULL),
	(4136,3,31,0,0,0,NULL),
	(4137,3,33,13735,14000,0,NULL),
	(4138,3,34,0,0,0,NULL),
	(4139,3,35,0,0,0,NULL),
	(4140,3,36,0,0,0,NULL),
	(4141,4,1,15300,15000,0,NULL),
	(4142,4,2,25500,26000,0,NULL),
	(4143,4,3,42500,43000,0,NULL),
	(4144,4,4,30600,31000,0,NULL),
	(4145,4,5,15300,15000,0,NULL),
	(4146,4,6,100300,100000,0,NULL),
	(4147,4,7,9690,10000,0,NULL),
	(4148,4,8,24650,25000,0,NULL),
	(4149,4,9,51000,51000,0,NULL),
	(4150,4,10,51000,51000,0,NULL),
	(4151,4,12,204000,204000,0,NULL),
	(4152,4,28,0,0,0,NULL),
	(4153,4,31,0,0,0,NULL),
	(4154,4,33,27880,28000,0,NULL),
	(4155,4,34,0,0,0,NULL),
	(4156,4,35,0,0,0,NULL),
	(4157,4,36,0,0,0,NULL),
	(4158,5,1,0,0,0,NULL),
	(4159,5,2,0,0,0,NULL),
	(4160,5,3,0,0,0,NULL),
	(4161,5,4,0,0,0,NULL),
	(4162,5,5,0,0,0,NULL),
	(4163,5,6,0,0,0,NULL),
	(4164,5,7,0,0,0,NULL),
	(4165,5,8,0,0,0,NULL),
	(4166,5,9,0,0,0,NULL),
	(4167,5,10,0,0,0,NULL),
	(4168,5,12,0,0,0,NULL),
	(4169,5,28,0,0,0,NULL),
	(4170,5,31,0,0,0,NULL),
	(4171,5,33,0,0,0,NULL),
	(4172,5,34,0,0,0,NULL),
	(4173,5,35,0,0,0,NULL),
	(4174,5,36,0,0,0,NULL),
	(4175,6,1,0,0,0,NULL),
	(4176,6,2,0,0,0,NULL),
	(4177,6,3,0,0,0,NULL),
	(4178,6,4,0,0,0,NULL),
	(4179,6,5,0,0,0,NULL),
	(4180,6,6,0,0,0,NULL),
	(4181,6,7,0,0,0,NULL),
	(4182,6,8,0,0,0,NULL),
	(4183,6,9,0,0,0,NULL),
	(4184,6,10,0,0,0,NULL),
	(4185,6,12,0,0,0,NULL),
	(4186,6,28,0,0,0,NULL),
	(4187,6,31,0,0,0,NULL),
	(4188,6,33,0,0,0,NULL),
	(4189,6,34,0,0,0,NULL),
	(4190,6,35,0,0,0,NULL),
	(4191,6,36,0,0,0,NULL),
	(4192,7,1,7538,8000,0,NULL),
	(4193,7,2,12563,13000,0,NULL),
	(4194,7,3,20938,21000,0,NULL),
	(4195,7,4,15075,15000,0,NULL),
	(4196,7,5,7538,8000,0,NULL),
	(4197,7,6,49413,49000,0,NULL),
	(4198,7,7,4774,5000,0,NULL),
	(4199,7,8,12144,12000,0,NULL),
	(4200,7,9,25125,25000,0,NULL),
	(4201,7,10,25125,25000,0,NULL),
	(4202,7,12,100500,101000,0,NULL),
	(4203,7,28,0,0,0,NULL),
	(4204,7,31,0,0,0,NULL),
	(4205,7,33,13735,14000,0,NULL),
	(4206,7,34,0,0,0,NULL),
	(4207,7,35,0,0,0,NULL),
	(4208,7,36,0,0,0,NULL),
	(4209,8,1,7538,8000,0,NULL),
	(4210,8,2,12563,13000,0,NULL),
	(4211,8,3,20938,21000,0,NULL),
	(4212,8,4,15075,15000,0,NULL),
	(4213,8,5,7538,8000,0,NULL),
	(4214,8,6,49413,49000,0,NULL),
	(4215,8,7,4774,5000,0,NULL),
	(4216,8,8,12144,12000,0,NULL),
	(4217,8,9,25125,25000,0,NULL),
	(4218,8,10,25125,25000,0,NULL),
	(4219,8,12,100500,101000,0,NULL),
	(4220,8,28,0,0,0,NULL),
	(4221,8,31,0,0,0,NULL),
	(4222,8,33,13735,14000,0,NULL),
	(4223,8,34,0,0,0,NULL),
	(4224,8,35,0,0,0,NULL),
	(4225,8,36,0,0,0,NULL),
	(4226,9,1,2057,2000,0,NULL),
	(4227,9,2,3429,3000,0,NULL),
	(4228,9,3,5714,6000,0,NULL),
	(4229,9,4,4114,4000,0,NULL),
	(4230,9,5,2057,2000,0,NULL),
	(4231,9,6,13486,13000,0,NULL),
	(4232,9,7,1303,1000,0,NULL),
	(4233,9,8,3314,3000,0,NULL),
	(4234,9,9,6857,7000,0,NULL),
	(4235,9,10,6857,7000,0,NULL),
	(4236,9,12,27429,27000,0,NULL),
	(4237,9,28,0,0,0,NULL),
	(4238,9,31,0,0,0,NULL),
	(4239,9,33,3749,4000,0,NULL),
	(4240,9,34,0,0,0,NULL),
	(4241,9,35,0,0,0,NULL),
	(4242,9,36,0,0,0,NULL),
	(4243,10,1,7538,8000,0,NULL),
	(4244,10,2,12563,13000,0,NULL),
	(4245,10,3,20938,21000,0,NULL),
	(4246,10,4,15075,15000,0,NULL),
	(4247,10,5,7538,8000,0,NULL),
	(4248,10,6,49413,49000,0,NULL),
	(4249,10,7,4774,5000,0,NULL),
	(4250,10,8,12144,12000,0,NULL),
	(4251,10,9,25125,25000,0,NULL),
	(4252,10,10,25125,25000,0,NULL),
	(4253,10,12,100500,101000,0,NULL),
	(4254,10,28,0,0,0,NULL),
	(4255,10,31,0,0,0,NULL),
	(4256,10,33,13735,14000,0,NULL),
	(4257,10,34,0,0,0,NULL),
	(4258,10,35,0,0,0,NULL),
	(4259,10,36,0,0,0,NULL),
	(4260,11,1,2057,2000,0,NULL),
	(4261,11,2,3429,3000,0,NULL),
	(4262,11,3,5714,6000,0,NULL),
	(4263,11,4,4114,4000,0,NULL),
	(4264,11,5,2057,2000,0,NULL),
	(4265,11,6,13486,13000,0,NULL),
	(4266,11,7,1303,1000,0,NULL),
	(4267,11,8,3314,3000,0,NULL),
	(4268,11,9,6857,7000,0,NULL),
	(4269,11,10,6857,7000,0,NULL),
	(4270,11,12,27429,27000,0,NULL),
	(4271,11,28,0,0,0,NULL),
	(4272,11,31,0,0,0,NULL),
	(4273,11,33,3749,4000,0,NULL),
	(4274,11,34,0,0,0,NULL),
	(4275,11,35,0,0,0,NULL),
	(4276,11,36,0,0,0,NULL),
	(4277,12,1,0,0,0,NULL),
	(4278,12,2,0,0,0,NULL),
	(4279,12,3,0,0,0,NULL),
	(4280,12,4,0,0,0,NULL),
	(4281,12,5,0,0,0,NULL),
	(4282,12,6,0,0,0,NULL),
	(4283,12,7,0,0,0,NULL),
	(4284,12,8,0,0,0,NULL),
	(4285,12,9,0,0,0,NULL),
	(4286,12,10,0,0,0,NULL),
	(4287,12,12,0,0,0,NULL),
	(4288,12,28,0,0,0,NULL),
	(4289,12,31,0,0,0,NULL),
	(4290,12,33,0,0,0,NULL),
	(4291,12,34,0,0,0,NULL),
	(4292,12,35,0,0,0,NULL),
	(4293,12,36,0,0,0,NULL),
	(4294,13,1,2057,2000,0,NULL),
	(4295,13,2,3429,3000,0,NULL),
	(4296,13,3,5714,6000,0,NULL),
	(4297,13,4,4114,4000,0,NULL),
	(4298,13,5,2057,2000,0,NULL),
	(4299,13,6,13486,13000,0,NULL),
	(4300,13,7,1303,1000,0,NULL),
	(4301,13,8,3314,3000,0,NULL),
	(4302,13,9,6857,7000,0,NULL),
	(4303,13,10,6857,7000,0,NULL),
	(4304,13,12,27429,27000,0,NULL),
	(4305,13,28,0,0,0,NULL),
	(4306,13,31,0,0,0,NULL),
	(4307,13,33,3749,4000,0,NULL),
	(4308,13,34,0,0,0,NULL),
	(4309,13,35,0,0,0,NULL),
	(4310,13,36,0,0,0,NULL),
	(4311,14,1,0,0,0,NULL),
	(4312,14,2,0,0,0,NULL),
	(4313,14,3,0,0,0,NULL),
	(4314,14,4,0,0,0,NULL),
	(4315,14,5,0,0,0,NULL),
	(4316,14,6,0,0,0,NULL),
	(4317,14,7,0,0,0,NULL),
	(4318,14,8,0,0,0,NULL),
	(4319,14,9,0,0,0,NULL),
	(4320,14,10,0,0,0,NULL),
	(4321,14,12,0,0,0,NULL),
	(4322,14,28,0,0,0,NULL),
	(4323,14,31,0,0,0,NULL),
	(4324,14,33,0,0,0,NULL),
	(4325,14,34,0,0,0,NULL),
	(4326,14,35,0,0,0,NULL),
	(4327,14,36,0,0,0,NULL),
	(4328,15,1,2057,2000,0,NULL),
	(4329,15,2,3429,3000,0,NULL),
	(4330,15,3,5714,6000,0,NULL),
	(4331,15,4,4114,4000,0,NULL),
	(4332,15,5,2057,2000,0,NULL),
	(4333,15,6,13486,13000,0,NULL),
	(4334,15,7,1303,1000,0,NULL),
	(4335,15,8,3314,3000,0,NULL),
	(4336,15,9,6857,7000,0,NULL),
	(4337,15,10,6857,7000,0,NULL),
	(4338,15,12,27429,27000,0,NULL),
	(4339,15,28,0,0,0,NULL),
	(4340,15,31,0,0,0,NULL),
	(4341,15,33,3749,4000,0,NULL),
	(4342,15,34,0,0,0,NULL),
	(4343,15,35,0,0,0,NULL),
	(4344,15,36,0,0,0,NULL),
	(4345,16,1,2057,2000,0,NULL),
	(4346,16,2,3429,3000,0,NULL),
	(4347,16,3,5714,6000,0,NULL),
	(4348,16,4,4114,4000,0,NULL),
	(4349,16,5,2057,2000,0,NULL),
	(4350,16,6,13486,13000,0,NULL),
	(4351,16,7,1303,1000,0,NULL),
	(4352,16,8,3314,3000,0,NULL),
	(4353,16,9,6857,7000,0,NULL),
	(4354,16,10,6857,7000,0,NULL),
	(4355,16,12,27429,27000,0,NULL),
	(4356,16,28,0,0,0,NULL),
	(4357,16,31,0,0,0,NULL),
	(4358,16,33,3749,4000,0,NULL),
	(4359,16,34,0,0,0,NULL),
	(4360,16,35,0,0,0,NULL),
	(4361,16,36,0,0,0,NULL),
	(4362,17,1,2057,2000,0,NULL),
	(4363,17,2,3429,3000,0,NULL),
	(4364,17,3,5714,6000,0,NULL),
	(4365,17,4,4114,4000,0,NULL),
	(4366,17,5,2057,2000,0,NULL),
	(4367,17,6,13486,13000,0,NULL),
	(4368,17,7,1303,1000,0,NULL),
	(4369,17,8,3314,3000,0,NULL),
	(4370,17,9,6857,7000,0,NULL),
	(4371,17,10,6857,7000,0,NULL),
	(4372,17,12,27429,27000,0,NULL),
	(4373,17,28,0,0,0,NULL),
	(4374,17,31,0,0,0,NULL),
	(4375,17,33,3749,4000,0,NULL),
	(4376,17,34,0,0,0,NULL),
	(4377,17,35,0,0,0,NULL),
	(4378,17,36,0,0,0,NULL),
	(4379,18,1,0,0,0,NULL),
	(4380,18,2,0,0,0,NULL),
	(4381,18,3,0,0,0,NULL),
	(4382,18,4,0,0,0,NULL),
	(4383,18,5,0,0,0,NULL),
	(4384,18,6,0,0,0,NULL),
	(4385,18,7,0,0,0,NULL),
	(4386,18,8,0,0,0,NULL),
	(4387,18,9,0,0,0,NULL),
	(4388,18,10,0,0,0,NULL),
	(4389,18,12,0,0,0,NULL),
	(4390,18,28,0,0,0,NULL),
	(4391,18,31,0,0,0,NULL),
	(4392,18,33,0,0,0,NULL),
	(4393,18,34,0,0,0,NULL),
	(4394,18,35,0,0,0,NULL),
	(4395,18,36,0,0,0,NULL),
	(4396,19,1,7538,8000,0,NULL),
	(4397,19,2,12563,13000,0,NULL),
	(4398,19,3,20938,21000,0,NULL),
	(4399,19,4,15075,15000,0,NULL),
	(4400,19,5,7538,8000,0,NULL),
	(4401,19,6,49413,49000,0,NULL),
	(4402,19,7,4774,5000,0,NULL),
	(4403,19,8,12144,12000,0,NULL),
	(4404,19,9,25125,25000,0,NULL),
	(4405,19,10,25125,25000,0,NULL),
	(4406,19,12,100500,101000,0,NULL),
	(4407,19,28,0,0,0,NULL),
	(4408,19,31,0,0,0,NULL),
	(4409,19,33,13735,14000,0,NULL),
	(4410,19,34,0,0,0,NULL),
	(4411,19,35,0,0,0,NULL),
	(4412,19,36,0,0,0,NULL),
	(4413,20,1,2057,2000,0,NULL),
	(4414,20,2,3429,3000,0,NULL),
	(4415,20,3,5714,6000,0,NULL),
	(4416,20,4,4114,4000,0,NULL),
	(4417,20,5,2057,2000,0,NULL),
	(4418,20,6,13486,13000,0,NULL),
	(4419,20,7,1303,1000,0,NULL),
	(4420,20,8,3314,3000,0,NULL),
	(4421,20,9,6857,7000,0,NULL),
	(4422,20,10,6857,7000,0,NULL),
	(4423,20,12,27429,27000,0,NULL),
	(4424,20,28,0,0,0,NULL),
	(4425,20,31,0,0,0,NULL),
	(4426,20,33,3749,4000,0,NULL),
	(4427,20,34,0,0,0,NULL),
	(4428,20,35,0,0,0,NULL),
	(4429,20,36,0,0,0,NULL),
	(4430,21,1,7538,8000,0,NULL),
	(4431,21,2,12563,13000,0,NULL),
	(4432,21,3,20938,21000,0,NULL),
	(4433,21,4,15075,15000,0,NULL),
	(4434,21,5,7538,8000,0,NULL),
	(4435,21,6,49413,49000,0,NULL),
	(4436,21,7,4774,5000,0,NULL),
	(4437,21,8,12144,12000,0,NULL),
	(4438,21,9,25125,25000,0,NULL),
	(4439,21,10,25125,25000,0,NULL),
	(4440,21,12,100500,101000,0,NULL),
	(4441,21,28,0,0,0,NULL),
	(4442,21,31,0,0,0,NULL),
	(4443,21,33,13735,14000,0,NULL),
	(4444,21,34,0,0,0,NULL),
	(4445,21,35,0,0,0,NULL),
	(4446,21,36,0,0,0,NULL);

/*!40000 ALTER TABLE `jatahjamaah` ENABLE KEYS */;
UNLOCK TABLES;


# Dump of table kaskelompok
# ------------------------------------------------------------

DROP TABLE IF EXISTS `kaskelompok`;

CREATE TABLE `kaskelompok` (
  `id` int(11) NOT NULL AUTO_INCREMENT,
  `tanggal` date NOT NULL,
  `deskripsi` varchar(255) NOT NULL,
  `qty` int(11) NOT NULL DEFAULT '1',
  `debet` int(11) NOT NULL,
  `kredit` int(11) NOT NULL,
  `notes` varchar(255) NOT NULL,
  PRIMARY KEY (`id`)
) ENGINE=InnoDB DEFAULT CHARSET=utf8;

LOCK TABLES `kaskelompok` WRITE;
/*!40000 ALTER TABLE `kaskelompok` DISABLE KEYS */;

INSERT INTO `kaskelompok` (`id`, `tanggal`, `deskripsi`, `qty`, `debet`, `kredit`, `notes`)
VALUES
	(1,'2017-01-23','BELI HANDBOOK K.U',1,0,13500,''),
	(2,'2017-01-23','BELI PULPEN K.U',1,0,2500,''),
	(3,'2017-01-27','BELI DOMPET PLASTIK',20,0,110000,''),
	(4,'2017-01-27','BELI WADAH UANG',2,0,16000,''),
	(5,'2017-01-27','BELI KALKULATOR',1,0,22000,'');

/*!40000 ALTER TABLE `kaskelompok` ENABLE KEYS */;
UNLOCK TABLES;


# Dump of table rumus
# ------------------------------------------------------------

DROP TABLE IF EXISTS `rumus`;

CREATE TABLE `rumus` (
  `id` int(11) NOT NULL AUTO_INCREMENT,
  `ring` tinyint(1) DEFAULT NULL,
  `prosentase` tinyint(2) DEFAULT NULL,
  PRIMARY KEY (`id`)
) ENGINE=InnoDB DEFAULT CHARSET=utf8;

LOCK TABLES `rumus` WRITE;
/*!40000 ALTER TABLE `rumus` DISABLE KEYS */;

INSERT INTO `rumus` (`id`, `ring`, `prosentase`)
VALUES
	(1,1,17),
	(2,2,67),
	(3,3,16),
	(4,4,0);

/*!40000 ALTER TABLE `rumus` ENABLE KEYS */;
UNLOCK TABLES;


# Dump of table setorandesa
# ------------------------------------------------------------

DROP TABLE IF EXISTS `setorandesa`;

CREATE TABLE `setorandesa` (
  `id` int(11) NOT NULL AUTO_INCREMENT,
  `tanggal` date NOT NULL,
  `jatahdesa` int(11) NOT NULL,
  `nominal` int(11) NOT NULL,
  PRIMARY KEY (`id`)
) ENGINE=InnoDB DEFAULT CHARSET=utf8;




/*!40111 SET SQL_NOTES=@OLD_SQL_NOTES */;
/*!40101 SET SQL_MODE=@OLD_SQL_MODE */;
/*!40014 SET FOREIGN_KEY_CHECKS=@OLD_FOREIGN_KEY_CHECKS */;
/*!40101 SET CHARACTER_SET_CLIENT=@OLD_CHARACTER_SET_CLIENT */;
/*!40101 SET CHARACTER_SET_RESULTS=@OLD_CHARACTER_SET_RESULTS */;
/*!40101 SET COLLATION_CONNECTION=@OLD_COLLATION_CONNECTION */;
