# ************************************************************
# Sequel Pro SQL dump
# Version 4541
#
# http://www.sequelpro.com/
# https://github.com/sequelpro/sequelpro
#
# Host: 127.0.0.1 (MySQL 5.7.23)
# Database: kalijaga
# Generation Time: 2019-06-27 22:32:18 +0000
# ************************************************************


/*!40101 SET @OLD_CHARACTER_SET_CLIENT=@@CHARACTER_SET_CLIENT */;
/*!40101 SET @OLD_CHARACTER_SET_RESULTS=@@CHARACTER_SET_RESULTS */;
/*!40101 SET @OLD_COLLATION_CONNECTION=@@COLLATION_CONNECTION */;
/*!40101 SET NAMES utf8 */;
/*!40014 SET @OLD_FOREIGN_KEY_CHECKS=@@FOREIGN_KEY_CHECKS, FOREIGN_KEY_CHECKS=0 */;
/*!40101 SET @OLD_SQL_MODE=@@SQL_MODE, SQL_MODE='NO_AUTO_VALUE_ON_ZERO' */;
/*!40111 SET @OLD_SQL_NOTES=@@SQL_NOTES, SQL_NOTES=0 */;


# Dump of table infaq
# ------------------------------------------------------------

DROP TABLE IF EXISTS `infaq`;

CREATE TABLE `infaq` (
  `id` int(11) NOT NULL AUTO_INCREMENT,
  `item` varchar(255) NOT NULL,
  `level` varchar(255) NOT NULL DEFAULT '',
  PRIMARY KEY (`id`)
) ENGINE=InnoDB DEFAULT CHARSET=utf8;

LOCK TABLES `infaq` WRITE;
/*!40000 ALTER TABLE `infaq` DISABLE KEYS */;

INSERT INTO `infaq` (`id`, `item`, `level`)
VALUES
	(1,'IR (%)','PUSAT'),
	(2,'DAPUR PUSAT','PUSAT'),
	(3,'NUANSA PERSONAL','PUSAT'),
	(4,'ORGANISASI PUSAT','PUSAT'),
	(5,'BATA MERAH','PUSAT'),
	(6,'PEMBELAAN DAERAH','DAERAH'),
	(7,'KESJA MUBALIGH DAERAH','DAERAH'),
	(8,'CKM PONPES','DAERAH'),
	(9,'PPG DAERAH','DAERAH'),
	(10,'KAFAROH','DAERAH'),
	(11,'ORGANISASI DAERAH 10RB/KK','DAERAH'),
	(12,'SDIT','DAERAH'),
	(13,'CKM (Quran, Khadist, Materi)','DAERAH'),
	(14,'KEBUTUHAN DESA','DESA'),
	(15,'ORG/OR/DANSOS 6RB/KK','DESA'),
	(16,'CICILAN HT KE-3','DESA'),
	(17,'KESJA MUBALIGH KELOMPOK','KELOMPOK'),
	(18,'NUANSA KELOMPOK','KELOMPOK'),
	(19,'JIMPITAN 10RB/KK','DESA'),
	(20,'KEBUTUHAN KELOMPOK','KELOMPOK'),
	(21,'AGHNIYA','DESA'),
	(22,'THR DAN BAJU LEBARAN MT','KELOMPOK'),
	(23,'IMAM TARAWIH & TADARUS','KELOMPOK'),
	(24,'THR TOGA TOMAS','PUSAT'),
	(25,'THR DHUAFA','KELOMPOK'),
	(26,'SERTIFIKASI TANAH SB','DESA'),
	(27,'SAHUR BERSAMA','DESA');

/*!40000 ALTER TABLE `infaq` ENABLE KEYS */;
UNLOCK TABLES;


# Dump of table jamaah
# ------------------------------------------------------------

DROP TABLE IF EXISTS `jamaah`;

CREATE TABLE `jamaah` (
  `id` int(11) NOT NULL AUTO_INCREMENT,
  `nama` varchar(255) NOT NULL,
  `ring` tinyint(1) DEFAULT NULL,
  `kk` tinyint(1) NOT NULL DEFAULT '0',
  PRIMARY KEY (`id`)
) ENGINE=InnoDB DEFAULT CHARSET=utf8;

LOCK TABLES `jamaah` WRITE;
/*!40000 ALTER TABLE `jamaah` DISABLE KEYS */;

INSERT INTO `jamaah` (`id`, `nama`, `ring`, `kk`)
VALUES
	(1,'KHOIRUL K',2,1),
	(2,'HJ. KURAESIN',2,1),
	(3,'FIRMANSYAH. AA',2,1),
	(4,'HJ. TRESNAWATI',1,1),
	(5,'NANI',4,0),
	(6,'NUR HIDAYAT',2,1),
	(7,'M. FAJAR',2,1),
	(8,'AGUS S. WIBOWO',2,1),
	(9,'CIK ANANG',3,1),
	(10,'RIZKI REZA',3,1),
	(11,'BURHANUDIN. RW',3,0),
	(12,'YENI NURAENI',4,1),
	(13,'FITRIYANI',3,1),
	(14,'PAIDA',4,1),
	(15,'SUSILAWATI',3,1),
	(16,'ITA PRASTIA',3,0),
	(17,'HETTY ASTUTI',3,1),
	(18,'RAMDAN. A FAUZI',3,1),
	(19,'AULIA FLAVIANA',4,0),
	(20,'B.DINI/P.AMIR',2,1),
	(21,'M.SULAIMAN',4,1),
	(22,'SITI NURSOLEKHA',4,0),
	(23,'EWA APRIYANDA',4,0),
	(24,'FUAD. ZN',4,0),
	(25,'FIRMAN RIZKI',4,0),
	(26,'FIRDAUS',3,0),
	(27,'HENRI. S',2,1),
	(28,'RINA NIN',4,0);

/*!40000 ALTER TABLE `jamaah` ENABLE KEYS */;
UNLOCK TABLES;


# Dump of table jatahdesa
# ------------------------------------------------------------

DROP TABLE IF EXISTS `jatahdesa`;

CREATE TABLE `jatahdesa` (
  `id` int(11) NOT NULL AUTO_INCREMENT,
  `bulan` tinyint(2) NOT NULL,
  `tahun` int(4) NOT NULL DEFAULT '2017',
  `item` int(11) NOT NULL,
  `nominal` int(11) NOT NULL,
  PRIMARY KEY (`id`)
) ENGINE=InnoDB DEFAULT CHARSET=utf8;

LOCK TABLES `jatahdesa` WRITE;
/*!40000 ALTER TABLE `jatahdesa` DISABLE KEYS */;

INSERT INTO `jatahdesa` (`id`, `bulan`, `tahun`, `item`, `nominal`)
VALUES
	(1,4,2019,1,0),
	(2,4,2019,2,240000),
	(3,4,2019,4,113000),
	(4,4,2019,5,120000),
	(5,4,2019,6,450000),
	(6,4,2019,7,80000),
	(7,4,2019,8,180000),
	(8,4,2019,9,0),
	(9,4,2019,10,0),
	(10,4,2019,11,0),
	(11,4,2019,12,158000),
	(12,4,2019,13,73000),
	(13,4,2019,14,300000),
	(14,4,2019,15,0),
	(15,4,2019,16,300000),
	(16,4,2019,17,2400000),
	(17,4,2019,19,0),
	(18,4,2019,20,816550),
	(19,4,2019,21,0),
	(20,5,2019,1,0),
	(21,5,2019,2,240000),
	(22,5,2019,4,130000),
	(23,5,2019,5,120000),
	(24,5,2019,6,514000),
	(25,5,2019,7,80000),
	(26,5,2019,8,180000),
	(27,5,2019,9,0),
	(28,5,2019,10,0),
	(29,5,2019,11,0),
	(30,5,2019,12,180000),
	(31,5,2019,14,300000),
	(32,5,2019,15,0),
	(33,5,2019,17,2400000),
	(34,5,2019,19,0),
	(35,5,2019,20,1000000),
	(36,5,2019,21,0),
	(41,6,2019,1,0),
	(42,6,2019,2,450000),
	(43,6,2019,3,0),
	(44,6,2019,4,151000),
	(45,6,2019,5,120000),
	(46,6,2019,13,22000),
	(47,6,2019,6,604000),
	(48,6,2019,7,80000),
	(49,6,2019,8,360000),
	(50,6,2019,9,0),
	(51,6,2019,10,0),
	(52,6,2019,11,0),
	(53,6,2019,12,302000),
	(54,6,2019,14,300000),
	(55,6,2019,15,0),
	(56,6,2019,17,2400000),
	(57,6,2019,18,70000),
	(58,6,2019,19,0),
	(59,6,2019,20,750000),
	(60,7,2019,1,0),
	(61,7,2019,2,240000),
	(62,7,2019,3,0),
	(63,7,2019,4,136000),
	(64,7,2019,5,120000),
	(65,7,2019,13,17000),
	(66,7,2019,6,435000),
	(67,7,2019,7,80000),
	(68,7,2019,8,180000),
	(69,7,2019,9,50000),
	(70,7,2019,10,0),
	(71,7,2019,11,0),
	(72,7,2019,12,270000),
	(73,7,2019,14,0),
	(74,7,2019,15,0),
	(75,7,2019,26,2100000),
	(76,7,2019,27,375000),
	(77,7,2019,17,2400000),
	(78,7,2019,18,42000),
	(79,7,2019,19,0),
	(80,7,2019,20,1000000);

/*!40000 ALTER TABLE `jatahdesa` ENABLE KEYS */;
UNLOCK TABLES;


# Dump of table jatahjamaah
# ------------------------------------------------------------

DROP TABLE IF EXISTS `jatahjamaah`;

CREATE TABLE `jatahjamaah` (
  `id` int(11) NOT NULL AUTO_INCREMENT,
  `jamaah` int(11) NOT NULL,
  `jatahdesa` int(11) NOT NULL,
  `dijatah` int(11) NOT NULL,
  `dibulatkan` int(11) NOT NULL,
  `disetorkan` int(11) NOT NULL,
  `tanggalsetor` date DEFAULT NULL,
  PRIMARY KEY (`id`)
) ENGINE=InnoDB DEFAULT CHARSET=utf8;

LOCK TABLES `jatahjamaah` WRITE;
/*!40000 ALTER TABLE `jatahjamaah` DISABLE KEYS */;

INSERT INTO `jatahjamaah` (`id`, `jamaah`, `jatahdesa`, `dijatah`, `dibulatkan`, `disetorkan`, `tanggalsetor`)
VALUES
	(6644,1,1,0,0,550000,'0000-00-00'),
	(6645,1,2,22971,23000,23000,'2019-04-08'),
	(6646,1,3,10816,11000,11000,'2019-04-08'),
	(6647,1,4,11486,11000,11000,'2019-04-08'),
	(6648,1,5,43071,43000,43000,'2019-04-08'),
	(6649,1,6,7657,8000,8000,'2019-04-08'),
	(6650,1,7,17229,17000,17000,'2019-04-08'),
	(6651,1,8,0,0,0,NULL),
	(6652,1,9,0,0,0,NULL),
	(6653,1,10,10000,10000,10000,'2019-04-08'),
	(6654,1,11,15123,15000,15000,'2019-04-08'),
	(6655,1,12,6987,7000,7000,'2019-04-08'),
	(6656,1,13,28714,29000,29000,'2019-04-08'),
	(6657,1,14,6000,6000,6000,'2019-04-08'),
	(6658,1,15,28714,29000,29000,'2019-04-08'),
	(6659,1,16,229714,230000,230000,'2019-04-08'),
	(6660,1,17,10000,10000,10000,'2019-04-08'),
	(6661,1,18,78155,78000,81000,'2019-04-08'),
	(6662,2,1,0,0,473000,'0000-00-00'),
	(6663,2,2,22971,23000,23000,'2019-04-08'),
	(6664,2,3,10816,11000,11000,'2019-04-08'),
	(6665,2,4,11486,11000,11000,'2019-04-08'),
	(6666,2,5,43071,43000,43000,'2019-04-08'),
	(6667,2,6,7657,8000,8000,'2019-04-08'),
	(6668,2,7,17229,17000,17000,'2019-04-08'),
	(6669,2,8,0,0,0,'2019-04-08'),
	(6670,2,9,0,0,0,'2019-04-08'),
	(6671,2,10,10000,10000,10000,'2019-04-08'),
	(6672,2,11,15123,15000,15000,'2019-04-08'),
	(6673,2,12,6987,7000,7000,'2019-04-08'),
	(6674,2,13,28714,29000,29000,'2019-04-08'),
	(6675,2,14,6000,6000,6000,'2019-04-08'),
	(6676,2,15,28714,29000,29000,'2019-04-08'),
	(6677,2,16,229714,230000,230000,'2019-04-08'),
	(6678,2,17,10000,10000,10000,'2019-04-08'),
	(6679,2,18,78155,78000,78000,'2019-04-08'),
	(6680,3,1,0,0,36000,'0000-00-00'),
	(6681,3,2,22971,23000,23000,'2019-04-09'),
	(6682,3,3,10816,11000,11000,'2019-04-09'),
	(6683,3,4,11486,11000,11000,'2019-04-09'),
	(6684,3,5,43071,43000,43000,'2019-04-09'),
	(6685,3,6,7657,8000,8000,'2019-04-09'),
	(6686,3,7,17229,17000,17000,'2019-04-09'),
	(6687,3,8,0,0,0,NULL),
	(6688,3,9,0,0,0,NULL),
	(6689,3,10,10000,10000,10000,'2019-04-09'),
	(6690,3,11,15123,15000,15000,'2019-04-09'),
	(6691,3,12,6987,7000,7000,'2019-04-09'),
	(6692,3,13,28714,29000,29000,'2019-04-09'),
	(6693,3,14,6000,6000,6000,'2019-04-09'),
	(6694,3,15,28714,29000,29000,'2019-04-09'),
	(6695,3,16,229714,230000,230000,'2019-04-09'),
	(6696,3,17,10000,10000,10000,'2019-04-09'),
	(6697,3,18,78155,78000,78000,'2019-04-09'),
	(6698,4,1,0,0,0,NULL),
	(6699,4,2,40800,41000,0,NULL),
	(6700,4,3,19210,19000,0,NULL),
	(6701,4,4,20400,20000,0,NULL),
	(6702,4,5,76500,77000,0,NULL),
	(6703,4,6,13600,14000,0,NULL),
	(6704,4,7,30600,31000,0,NULL),
	(6705,4,8,0,0,0,NULL),
	(6706,4,9,0,0,0,NULL),
	(6707,4,10,10000,10000,0,NULL),
	(6708,4,11,26860,27000,0,NULL),
	(6709,4,12,12410,12000,0,NULL),
	(6710,4,13,51000,51000,0,NULL),
	(6711,4,14,6000,6000,0,NULL),
	(6712,4,15,51000,51000,0,NULL),
	(6713,4,16,408000,408000,0,NULL),
	(6714,4,17,10000,10000,0,NULL),
	(6715,4,18,138814,139000,0,NULL),
	(6716,5,1,0,0,60000,'0000-00-00'),
	(6717,5,2,0,0,0,NULL),
	(6718,5,3,0,0,0,NULL),
	(6719,5,4,0,0,10000,'0000-00-00'),
	(6720,5,5,0,0,20000,'0000-00-00'),
	(6721,5,6,0,0,0,NULL),
	(6722,5,7,0,0,0,NULL),
	(6723,5,8,0,0,0,NULL),
	(6724,5,9,0,0,10000,'0000-00-00'),
	(6725,5,10,0,0,0,NULL),
	(6726,5,11,0,0,0,NULL),
	(6727,5,12,0,0,20000,'0000-00-00'),
	(6728,5,13,0,0,0,NULL),
	(6729,5,14,0,0,0,NULL),
	(6730,5,15,0,0,0,NULL),
	(6731,5,16,0,0,0,NULL),
	(6732,5,17,0,0,0,NULL),
	(6733,5,18,0,0,20000,'0000-00-00'),
	(6734,6,1,0,0,580000,'0000-00-00'),
	(6735,6,2,22971,23000,23000,'2019-04-08'),
	(6736,6,3,10816,11000,11000,'2019-04-08'),
	(6737,6,4,11486,11000,11000,'2019-04-08'),
	(6738,6,5,43071,43000,25000,'0000-00-00'),
	(6739,6,6,7657,8000,8000,'2019-04-08'),
	(6740,6,7,17229,17000,17000,'2019-04-08'),
	(6741,6,8,0,0,0,NULL),
	(6742,6,9,0,0,15000,'0000-00-00'),
	(6743,6,10,10000,10000,10000,'2019-04-08'),
	(6744,6,11,15123,15000,15000,'2019-04-08'),
	(6745,6,12,6987,7000,7000,'2019-04-08'),
	(6746,6,13,28714,29000,25000,'0000-00-00'),
	(6747,6,14,6000,6000,6000,'2019-04-08'),
	(6748,6,15,28714,29000,29000,'2019-04-08'),
	(6749,6,16,229714,230000,200000,'0000-00-00'),
	(6750,6,17,10000,10000,10000,'2019-04-08'),
	(6751,6,18,78155,78000,78000,'2019-04-08'),
	(6752,7,1,0,0,0,NULL),
	(6753,7,2,22971,23000,0,NULL),
	(6754,7,3,10816,11000,0,NULL),
	(6755,7,4,11486,11000,0,NULL),
	(6756,7,5,43071,43000,0,NULL),
	(6757,7,6,7657,8000,0,NULL),
	(6758,7,7,17229,17000,0,NULL),
	(6759,7,8,0,0,0,NULL),
	(6760,7,9,0,0,0,NULL),
	(6761,7,10,10000,10000,0,NULL),
	(6762,7,11,15123,15000,0,NULL),
	(6763,7,12,6987,7000,0,NULL),
	(6764,7,13,28714,29000,0,NULL),
	(6765,7,14,6000,6000,0,NULL),
	(6766,7,15,28714,29000,0,NULL),
	(6767,7,16,229714,230000,0,NULL),
	(6768,7,17,10000,10000,0,NULL),
	(6769,7,18,78155,78000,0,NULL),
	(6770,8,1,0,0,373000,'0000-00-00'),
	(6771,8,2,22971,23000,23000,'2019-04-08'),
	(6772,8,3,10816,11000,11000,'2019-04-08'),
	(6773,8,4,11486,11000,11000,'2019-04-08'),
	(6774,8,5,43071,43000,43000,'2019-04-08'),
	(6775,8,6,7657,8000,8000,'2019-04-08'),
	(6776,8,7,17229,17000,17000,'2019-04-08'),
	(6777,8,8,0,0,5000,'0000-00-00'),
	(6778,8,9,0,0,0,NULL),
	(6779,8,10,10000,10000,10000,'2019-04-08'),
	(6780,8,11,15123,15000,15000,'2019-04-08'),
	(6781,8,12,6987,7000,7000,'2019-04-08'),
	(6782,8,13,28714,29000,29000,'2019-04-08'),
	(6783,8,14,6000,6000,6000,'2019-04-08'),
	(6784,8,15,28714,29000,29000,'2019-04-08'),
	(6785,8,16,229714,230000,230000,'2019-04-08'),
	(6786,8,17,10000,10000,10000,'2019-04-08'),
	(6787,8,18,78155,78000,78000,'2019-04-08'),
	(6788,9,1,0,0,350000,'0000-00-00'),
	(6789,9,2,3840,4000,4000,'2019-04-08'),
	(6790,9,3,1808,2000,2000,'2019-04-08'),
	(6791,9,4,1920,2000,2000,'2019-04-08'),
	(6792,9,5,7200,7000,7000,'2019-04-08'),
	(6793,9,6,1280,1000,1000,'2019-04-08'),
	(6794,9,7,2880,3000,3000,'2019-04-08'),
	(6795,9,8,0,0,0,NULL),
	(6796,9,9,0,0,0,NULL),
	(6797,9,10,10000,10000,10000,'2019-04-08'),
	(6798,9,11,2528,3000,3000,'2019-04-08'),
	(6799,9,12,1168,1000,1000,'2019-04-08'),
	(6800,9,13,4800,5000,5000,'2019-04-08'),
	(6801,9,14,6000,6000,6000,'2019-04-08'),
	(6802,9,15,4800,5000,5000,'2019-04-08'),
	(6803,9,16,38400,38000,38000,'2019-04-08'),
	(6804,9,17,10000,10000,10000,'2019-04-08'),
	(6805,9,18,13065,13000,13000,'2019-04-08'),
	(6806,10,1,0,0,200000,'0000-00-00'),
	(6807,10,2,3840,4000,4000,'2019-04-08'),
	(6808,10,3,1808,2000,2000,'2019-04-08'),
	(6809,10,4,1920,2000,2000,'2019-04-08'),
	(6810,10,5,7200,7000,7000,'2019-04-08'),
	(6811,10,6,1280,1000,1000,'2019-04-08'),
	(6812,10,7,2880,3000,3000,'2019-04-08'),
	(6813,10,8,0,0,0,NULL),
	(6814,10,9,0,0,0,NULL),
	(6815,10,10,10000,10000,10000,'2019-04-08'),
	(6816,10,11,2528,3000,3000,'2019-04-08'),
	(6817,10,12,1168,1000,1000,'2019-04-08'),
	(6818,10,13,4800,5000,5000,'2019-04-08'),
	(6819,10,14,6000,6000,6000,'2019-04-08'),
	(6820,10,15,4800,5000,5000,'2019-04-08'),
	(6821,10,16,38400,38000,38000,'2019-04-08'),
	(6822,10,17,10000,10000,10000,'2019-04-08'),
	(6823,10,18,13065,13000,13000,'2019-04-08'),
	(6824,11,1,0,0,87500,'0000-00-00'),
	(6825,11,2,3840,4000,4000,'2019-04-08'),
	(6826,11,3,1808,2000,2000,'2019-04-08'),
	(6827,11,4,1920,2000,2000,'2019-04-08'),
	(6828,11,5,7200,7000,7000,'2019-04-08'),
	(6829,11,6,1280,1000,1000,'2019-04-08'),
	(6830,11,7,2880,3000,3000,'2019-04-08'),
	(6831,11,8,0,0,12500,'0000-00-00'),
	(6832,11,9,0,0,0,NULL),
	(6834,11,11,2528,3000,3000,'2019-04-08'),
	(6835,11,12,1168,1000,1000,'2019-04-08'),
	(6836,11,13,4800,5000,5000,'2019-04-08'),
	(6838,11,15,4800,5000,5000,'2019-04-08'),
	(6839,11,16,38400,38000,38000,'2019-04-08'),
	(6841,11,18,13065,13000,29000,'2019-04-08'),
	(6842,12,1,0,0,174000,'0000-00-00'),
	(6843,12,2,0,0,0,NULL),
	(6844,12,3,0,0,0,NULL),
	(6845,12,4,0,0,0,NULL),
	(6846,12,5,0,0,0,NULL),
	(6847,12,6,0,0,0,NULL),
	(6848,12,7,0,0,0,NULL),
	(6849,12,8,0,0,0,NULL),
	(6850,12,9,0,0,0,NULL),
	(6851,12,10,10000,10000,10000,'2019-04-08'),
	(6852,12,11,0,0,0,NULL),
	(6853,12,12,0,0,0,NULL),
	(6854,12,13,0,0,0,NULL),
	(6855,12,14,6000,6000,6000,'2019-04-08'),
	(6856,12,15,0,0,0,NULL),
	(6857,12,16,0,0,0,NULL),
	(6858,12,17,10000,10000,10000,'2019-04-08'),
	(6859,12,18,0,0,0,NULL),
	(6860,13,1,0,0,50000,'0000-00-00'),
	(6861,13,2,3840,4000,0,NULL),
	(6862,13,3,1808,2000,0,NULL),
	(6863,13,4,1920,2000,0,NULL),
	(6864,13,5,7200,7000,0,NULL),
	(6865,13,6,1280,1000,0,NULL),
	(6866,13,7,2880,3000,0,NULL),
	(6867,13,8,0,0,0,NULL),
	(6868,13,9,0,0,0,NULL),
	(6869,13,10,10000,10000,0,NULL),
	(6870,13,11,2528,3000,0,NULL),
	(6871,13,12,1168,1000,0,NULL),
	(6872,13,13,4800,5000,0,NULL),
	(6873,13,14,6000,6000,0,NULL),
	(6874,13,15,4800,5000,0,NULL),
	(6875,13,16,38400,38000,0,NULL),
	(6876,13,17,10000,10000,0,NULL),
	(6877,13,18,13065,13000,0,NULL),
	(6878,14,1,0,0,50000,'0000-00-00'),
	(6879,14,2,0,0,0,NULL),
	(6880,14,3,0,0,0,NULL),
	(6881,14,4,0,0,0,NULL),
	(6882,14,5,0,0,0,NULL),
	(6883,14,6,0,0,0,NULL),
	(6884,14,7,0,0,0,NULL),
	(6885,14,8,0,0,0,NULL),
	(6886,14,9,0,0,0,NULL),
	(6887,14,10,0,0,0,NULL),
	(6888,14,11,0,0,0,NULL),
	(6889,14,12,0,0,0,NULL),
	(6890,14,13,0,0,0,NULL),
	(6891,14,14,0,0,0,NULL),
	(6892,14,15,0,0,0,NULL),
	(6893,14,16,0,0,0,NULL),
	(6894,14,17,0,0,10000,'0000-00-00'),
	(6895,14,18,0,0,0,NULL),
	(6896,15,1,0,0,200000,'0000-00-00'),
	(6897,15,2,3840,4000,4000,'2019-04-08'),
	(6898,15,3,1808,2000,2000,'2019-04-08'),
	(6899,15,4,1920,2000,2000,'2019-04-08'),
	(6900,15,5,7200,7000,7000,'2019-04-08'),
	(6901,15,6,1280,1000,1000,'2019-04-08'),
	(6902,15,7,2880,3000,3000,'2019-04-08'),
	(6903,15,8,0,0,0,NULL),
	(6904,15,9,0,0,0,NULL),
	(6905,15,10,10000,10000,10000,'2019-04-08'),
	(6906,15,11,2528,3000,3000,'2019-04-08'),
	(6907,15,12,1168,1000,1000,'2019-04-08'),
	(6908,15,13,4800,5000,5000,'2019-04-08'),
	(6909,15,14,6000,6000,6000,'2019-04-08'),
	(6910,15,15,4800,5000,5000,'2019-04-08'),
	(6911,15,16,38400,38000,38000,'2019-04-08'),
	(6912,15,17,10000,10000,10000,'2019-04-08'),
	(6913,15,18,13065,13000,13000,'2019-04-08'),
	(6914,16,1,0,0,0,NULL),
	(6915,16,2,3840,4000,0,NULL),
	(6916,16,3,1808,2000,0,NULL),
	(6917,16,4,1920,2000,0,NULL),
	(6918,16,5,7200,7000,0,NULL),
	(6919,16,6,1280,1000,0,NULL),
	(6920,16,7,2880,3000,0,NULL),
	(6921,16,8,0,0,0,NULL),
	(6922,16,9,0,0,0,NULL),
	(6923,16,10,0,0,0,NULL),
	(6924,16,11,2528,3000,0,NULL),
	(6925,16,12,1168,1000,0,NULL),
	(6926,16,13,4800,5000,0,NULL),
	(6927,16,14,0,0,0,NULL),
	(6928,16,15,4800,5000,0,NULL),
	(6929,16,16,38400,38000,0,NULL),
	(6930,16,17,0,0,0,NULL),
	(6931,16,18,13065,13000,0,NULL),
	(6932,17,1,0,0,0,NULL),
	(6933,17,2,3840,4000,0,NULL),
	(6934,17,3,1808,2000,0,NULL),
	(6935,17,4,1920,2000,0,NULL),
	(6936,17,5,7200,7000,0,NULL),
	(6937,17,6,1280,1000,0,NULL),
	(6938,17,7,2880,3000,0,NULL),
	(6939,17,8,0,0,0,NULL),
	(6940,17,9,0,0,0,NULL),
	(6941,17,10,10000,10000,0,NULL),
	(6942,17,11,2528,3000,0,NULL),
	(6943,17,12,1168,1000,0,NULL),
	(6944,17,13,4800,5000,0,NULL),
	(6945,17,14,6000,6000,0,NULL),
	(6946,17,15,4800,5000,0,NULL),
	(6947,17,16,38400,38000,0,NULL),
	(6948,17,17,10000,10000,0,NULL),
	(6949,17,18,13065,13000,0,NULL),
	(6950,18,1,0,0,90000,'0000-00-00'),
	(6951,18,2,3840,4000,4000,'2019-04-09'),
	(6952,18,3,1808,2000,2000,'2019-04-09'),
	(6953,18,4,1920,2000,2000,'2019-04-09'),
	(6954,18,5,7200,7000,7000,'2019-04-09'),
	(6955,18,6,1280,1000,1000,'2019-04-09'),
	(6956,18,7,2880,3000,3000,'2019-04-09'),
	(6957,18,8,0,0,0,'2019-04-09'),
	(6958,18,9,0,0,0,NULL),
	(6959,18,10,10000,10000,10000,'2019-04-09'),
	(6960,18,11,2528,3000,3000,'2019-04-09'),
	(6961,18,12,1168,1000,1000,'2019-04-09'),
	(6962,18,13,4800,5000,5000,'2019-04-09'),
	(6963,18,14,6000,6000,6000,'2019-04-09'),
	(6964,18,15,4800,5000,5000,'2019-04-09'),
	(6965,18,16,38400,38000,38000,'2019-04-09'),
	(6966,18,17,10000,10000,10000,'2019-04-09'),
	(6967,18,18,13065,13000,13000,'2019-04-09'),
	(6968,19,1,0,0,0,NULL),
	(6969,19,2,0,0,0,NULL),
	(6970,19,3,0,0,0,NULL),
	(6971,19,4,0,0,0,NULL),
	(6972,19,5,0,0,0,NULL),
	(6973,19,6,0,0,0,NULL),
	(6974,19,7,0,0,0,NULL),
	(6975,19,8,0,0,0,NULL),
	(6976,19,9,0,0,0,NULL),
	(6977,19,10,0,0,0,NULL),
	(6978,19,11,0,0,0,NULL),
	(6979,19,12,0,0,0,NULL),
	(6980,19,13,0,0,0,NULL),
	(6981,19,14,0,0,0,NULL),
	(6982,19,15,0,0,0,NULL),
	(6983,19,16,0,0,0,NULL),
	(6984,19,17,0,0,0,NULL),
	(6985,19,18,0,0,0,NULL),
	(7004,21,1,0,0,24000,'0000-00-00'),
	(7005,21,2,0,0,0,NULL),
	(7006,21,3,0,0,0,NULL),
	(7007,21,4,0,0,0,NULL),
	(7008,21,5,0,0,0,NULL),
	(7009,21,6,0,0,0,NULL),
	(7010,21,7,0,0,0,NULL),
	(7011,21,8,0,0,0,NULL),
	(7012,21,9,0,0,0,NULL),
	(7013,21,10,10000,10000,10000,'2019-04-08'),
	(7014,21,11,0,0,0,NULL),
	(7015,21,12,0,0,0,NULL),
	(7016,21,13,0,0,0,NULL),
	(7017,21,14,6000,6000,6000,'2019-04-08'),
	(7018,21,15,0,0,0,NULL),
	(7019,21,16,0,0,0,NULL),
	(7020,21,17,10000,10000,10000,'2019-04-08'),
	(7021,21,18,0,0,0,NULL),
	(7022,22,1,0,0,55000,'0000-00-00'),
	(7023,22,2,0,0,1000,'0000-00-00'),
	(7024,22,3,0,0,1000,'0000-00-00'),
	(7025,22,4,0,0,1000,'0000-00-00'),
	(7026,22,5,0,0,2000,'0000-00-00'),
	(7027,22,6,0,0,1000,'0000-00-00'),
	(7028,22,7,0,0,1000,'0000-00-00'),
	(7029,22,8,0,0,1000,'0000-00-00'),
	(7030,22,9,0,0,0,NULL),
	(7032,22,11,0,0,1000,'0000-00-00'),
	(7033,22,12,0,0,1000,'0000-00-00'),
	(7034,22,13,0,0,2000,'0000-00-00'),
	(7036,22,15,0,0,1000,'0000-00-00'),
	(7037,22,16,0,0,10000,'0000-00-00'),
	(7039,22,18,0,0,22000,'0000-00-00'),
	(7040,23,1,0,0,50000,'0000-00-00'),
	(7041,23,2,0,0,0,NULL),
	(7042,23,3,0,0,0,NULL),
	(7043,23,4,0,0,0,NULL),
	(7044,23,5,0,0,0,NULL),
	(7045,23,6,0,0,0,NULL),
	(7046,23,7,0,0,0,NULL),
	(7047,23,8,0,0,0,NULL),
	(7048,23,9,0,0,0,NULL),
	(7049,23,10,0,0,0,NULL),
	(7050,23,11,0,0,0,NULL),
	(7051,23,12,0,0,0,NULL),
	(7052,23,13,0,0,0,NULL),
	(7053,23,14,0,0,0,NULL),
	(7054,23,15,0,0,0,NULL),
	(7055,23,16,0,0,0,NULL),
	(7056,23,17,0,0,0,NULL),
	(7057,23,18,0,0,0,NULL),
	(7058,24,1,0,0,0,NULL),
	(7059,24,2,0,0,0,NULL),
	(7060,24,3,0,0,0,NULL),
	(7061,24,4,0,0,0,NULL),
	(7062,24,5,0,0,0,NULL),
	(7063,24,6,0,0,0,NULL),
	(7064,24,7,0,0,0,NULL),
	(7065,24,8,0,0,0,NULL),
	(7066,24,9,0,0,0,NULL),
	(7067,24,10,0,0,0,NULL),
	(7068,24,11,0,0,0,NULL),
	(7069,24,12,0,0,0,NULL),
	(7070,24,13,0,0,0,NULL),
	(7071,24,14,0,0,0,NULL),
	(7072,24,15,0,0,0,NULL),
	(7073,24,16,0,0,0,NULL),
	(7074,24,17,0,0,0,NULL),
	(7075,24,18,0,0,0,NULL),
	(7076,25,1,0,0,80000,'0000-00-00'),
	(7077,25,2,0,0,7000,'0000-00-00'),
	(7078,25,3,0,0,7000,'0000-00-00'),
	(7079,25,4,0,0,7000,'0000-00-00'),
	(7080,25,5,0,0,7000,'0000-00-00'),
	(7081,25,6,0,0,7000,'0000-00-00'),
	(7082,25,7,0,0,7000,'0000-00-00'),
	(7083,25,8,0,0,7000,'0000-00-00'),
	(7084,25,9,0,0,0,NULL),
	(7086,25,11,0,0,7000,'0000-00-00'),
	(7087,25,12,0,0,7000,'0000-00-00'),
	(7088,25,13,0,0,7000,'0000-00-00'),
	(7090,25,15,0,0,4000,'0000-00-00'),
	(7091,25,16,0,0,20000,'0000-00-00'),
	(7093,25,18,0,0,36000,'0000-00-00'),
	(7094,26,1,0,0,116000,'0000-00-00'),
	(7095,26,2,3840,4000,4000,'2019-04-09'),
	(7096,26,3,1808,2000,2000,'2019-04-09'),
	(7097,26,4,1920,2000,2000,'2019-04-09'),
	(7098,26,5,7200,7000,7000,'2019-04-09'),
	(7099,26,6,1280,1000,1000,'2019-04-09'),
	(7100,26,7,2880,3000,3000,'2019-04-09'),
	(7101,26,8,0,0,0,NULL),
	(7102,26,9,0,0,0,NULL),
	(7103,26,10,0,0,0,NULL),
	(7104,26,11,2528,3000,3000,'2019-04-09'),
	(7105,26,12,1168,1000,1000,'2019-04-09'),
	(7106,26,13,4800,5000,5000,'2019-04-09'),
	(7107,26,14,0,0,0,NULL),
	(7108,26,15,4800,5000,5000,'2019-04-09'),
	(7109,26,16,38400,38000,38000,'2019-04-09'),
	(7110,26,17,0,0,0,NULL),
	(7111,26,18,13065,13000,13000,'2019-04-09'),
	(7112,27,1,0,0,450000,'0000-00-00'),
	(7113,27,2,22971,23000,23000,'2019-04-09'),
	(7114,27,3,10816,11000,11000,'2019-04-09'),
	(7115,27,4,11486,11000,11000,'2019-04-09'),
	(7116,27,5,43071,43000,43000,'2019-04-09'),
	(7117,27,6,7657,8000,8000,'2019-04-09'),
	(7118,27,7,17229,17000,17000,'2019-04-09'),
	(7119,27,8,0,0,0,NULL),
	(7120,27,9,0,0,0,NULL),
	(7121,27,10,10000,10000,10000,'2019-04-09'),
	(7122,27,11,15123,15000,15000,'2019-04-09'),
	(7123,27,12,6987,7000,7000,'2019-04-09'),
	(7124,27,13,28714,29000,29000,'2019-04-09'),
	(7125,27,14,6000,6000,6000,'2019-04-09'),
	(7126,27,15,28714,29000,29000,'2019-04-09'),
	(7127,27,16,229714,230000,230000,'2019-04-09'),
	(7128,27,17,10000,10000,10000,'2019-04-09'),
	(7129,27,18,78155,78000,78000,'2019-04-09'),
	(7155,6,19,0,0,20000,'0000-00-00'),
	(7156,1,19,0,0,20000,'0000-00-00'),
	(7157,4,19,40000,40000,0,NULL),
	(7158,8,19,0,0,25000,'0000-00-00'),
	(7159,3,19,0,0,15000,'0000-00-00'),
	(7160,7,19,0,0,0,NULL),
	(7161,28,1,0,0,60000,'0000-00-00'),
	(7162,28,2,0,0,0,NULL),
	(7163,28,3,0,0,0,NULL),
	(7164,28,4,0,0,10000,'0000-00-00'),
	(7165,28,5,0,0,20000,'0000-00-00'),
	(7166,28,6,0,0,0,NULL),
	(7167,28,7,0,0,0,NULL),
	(7168,28,8,0,0,0,NULL),
	(7169,28,9,0,0,10000,'0000-00-00'),
	(7170,28,10,0,0,0,NULL),
	(7171,28,11,0,0,0,NULL),
	(7172,28,12,0,0,20000,'0000-00-00'),
	(7173,28,13,0,0,0,NULL),
	(7174,28,14,0,0,0,NULL),
	(7175,28,15,0,0,0,NULL),
	(7176,28,16,0,0,0,NULL),
	(7177,28,17,0,0,0,NULL),
	(7178,28,18,0,0,20000,'0000-00-00'),
	(7179,28,19,0,0,0,NULL),
	(7223,20,1,0,0,323000,'0000-00-00'),
	(7224,20,2,22971,23000,23000,'2019-04-09'),
	(7225,20,3,10816,11000,11000,'2019-04-09'),
	(7226,20,4,11486,11000,11000,'2019-04-09'),
	(7227,20,5,43071,43000,43000,'2019-04-09'),
	(7228,20,6,7657,8000,8000,'2019-04-09'),
	(7229,20,7,17229,17000,17000,'2019-04-09'),
	(7230,20,8,0,0,0,NULL),
	(7231,20,9,0,0,0,NULL),
	(7232,20,10,10000,10000,10000,'2019-04-09'),
	(7233,20,11,15123,15000,15000,'2019-04-09'),
	(7234,20,12,6987,7000,7000,'2019-04-09'),
	(7235,20,13,28714,29000,29000,'2019-04-09'),
	(7236,20,14,6000,6000,6000,'2019-04-09'),
	(7237,20,15,28714,29000,29000,'2019-04-09'),
	(7238,20,16,229714,230000,230000,'2019-04-09'),
	(7239,20,17,10000,10000,10000,'2019-04-09'),
	(7240,20,18,78155,78000,78000,'2019-04-09'),
	(7241,20,19,0,0,0,NULL),
	(7769,1,36,20000,20000,20000,'2019-05-07'),
	(7803,3,36,15000,15000,15000,'2019-05-07'),
	(7820,4,36,40000,40000,40000,'2019-05-07'),
	(7854,6,36,20000,20000,20000,'2019-05-07'),
	(7871,7,36,5000,5000,0,NULL),
	(7888,8,36,25000,25000,25000,'2019-05-07'),
	(8775,1,20,0,0,523000,'0000-00-00'),
	(8776,1,21,20100,20000,20000,'2019-05-07'),
	(8777,1,22,10888,11000,11000,'2019-05-07'),
	(8778,1,23,10050,10000,10000,'2019-05-07'),
	(8779,1,24,43048,43000,43000,'2019-05-07'),
	(8780,1,25,6700,7000,7000,'2019-05-07'),
	(8781,1,26,15075,15000,15000,'2019-05-07'),
	(8782,1,27,0,0,0,NULL),
	(8783,1,28,0,0,0,NULL),
	(8784,1,29,10000,10000,10000,'2019-05-07'),
	(8785,1,30,15075,15000,15000,'2019-05-07'),
	(8786,1,31,25125,25000,25000,'2019-05-07'),
	(8787,1,32,6000,6000,6000,'2019-05-07'),
	(8788,1,33,201000,201000,201000,'2019-05-07'),
	(8789,1,34,10000,10000,10000,'2019-05-07'),
	(8790,1,35,83750,84000,84000,'2019-05-07'),
	(8792,2,20,0,0,543000,'0000-00-00'),
	(8793,2,21,20100,20000,20000,'2019-05-07'),
	(8794,2,22,10888,11000,11000,'2019-05-07'),
	(8795,2,23,10050,10000,10000,'2019-05-07'),
	(8796,2,24,43048,43000,43000,'2019-05-07'),
	(8797,2,25,6700,7000,7000,'2019-05-07'),
	(8798,2,26,15075,15000,15000,'2019-05-07'),
	(8799,2,27,0,0,0,NULL),
	(8800,2,28,0,0,0,NULL),
	(8801,2,29,10000,10000,10000,'2019-05-07'),
	(8802,2,30,15075,15000,15000,'2019-05-07'),
	(8803,2,31,25125,25000,25000,'2019-05-07'),
	(8804,2,32,6000,6000,6000,'2019-05-07'),
	(8805,2,33,201000,201000,201000,'2019-05-07'),
	(8806,2,34,10000,10000,10000,'2019-05-07'),
	(8807,2,35,83750,84000,84000,'2019-05-07'),
	(8809,3,20,0,0,28000,'0000-00-00'),
	(8810,3,21,20100,20000,20000,'2019-05-07'),
	(8811,3,22,10888,11000,11000,'2019-05-07'),
	(8812,3,23,10050,10000,10000,'2019-05-07'),
	(8813,3,24,43048,43000,43000,'2019-05-07'),
	(8814,3,25,6700,7000,7000,'2019-05-07'),
	(8815,3,26,15075,15000,15000,'2019-05-07'),
	(8816,3,27,0,0,0,NULL),
	(8817,3,28,0,0,0,NULL),
	(8818,3,29,10000,10000,10000,'2019-05-07'),
	(8819,3,30,15075,15000,15000,'2019-05-07'),
	(8820,3,31,25125,25000,25000,'2019-05-07'),
	(8821,3,32,6000,6000,6000,'2019-05-07'),
	(8822,3,33,201000,201000,201000,'2019-05-07'),
	(8823,3,34,10000,10000,10000,'2019-05-07'),
	(8824,3,35,83750,84000,84000,'2019-05-07'),
	(8826,4,20,0,0,3059000,'0000-00-00'),
	(8827,4,21,40800,41000,41000,'2019-05-07'),
	(8828,4,22,22100,22000,22000,'2019-05-07'),
	(8829,4,23,20400,20000,20000,'2019-05-07'),
	(8830,4,24,87380,87000,87000,'2019-05-07'),
	(8831,4,25,13600,14000,14000,'2019-05-07'),
	(8832,4,26,30600,31000,31000,'2019-05-07'),
	(8833,4,27,0,0,0,NULL),
	(8834,4,28,0,0,0,NULL),
	(8835,4,29,10000,10000,10000,'2019-05-07'),
	(8836,4,30,30600,31000,31000,'2019-05-07'),
	(8837,4,31,51000,51000,51000,'2019-05-07'),
	(8838,4,32,6000,6000,6000,'2019-05-07'),
	(8839,4,33,408000,408000,408000,'2019-05-07'),
	(8840,4,34,10000,10000,10000,'2019-05-07'),
	(8841,4,35,170000,170000,170000,'2019-05-07'),
	(8843,5,20,0,0,0,NULL),
	(8844,5,21,0,0,0,NULL),
	(8845,5,22,0,0,0,NULL),
	(8846,5,23,0,0,0,NULL),
	(8847,5,24,0,0,0,NULL),
	(8848,5,25,0,0,0,NULL),
	(8849,5,26,0,0,0,NULL),
	(8850,5,27,0,0,0,NULL),
	(8851,5,28,0,0,0,NULL),
	(8852,5,29,0,0,0,NULL),
	(8853,5,30,0,0,0,NULL),
	(8854,5,31,0,0,0,NULL),
	(8855,5,32,0,0,0,NULL),
	(8856,5,33,0,0,0,NULL),
	(8857,5,34,0,0,0,NULL),
	(8858,5,35,0,0,0,NULL),
	(8860,6,20,0,0,500000,'0000-00-00'),
	(8861,6,21,20100,20000,20000,'2019-05-07'),
	(8862,6,22,10888,11000,11000,'2019-05-07'),
	(8863,6,23,10050,10000,10000,'2019-05-07'),
	(8864,6,24,43048,43000,43000,'2019-05-07'),
	(8865,6,25,6700,7000,7000,'2019-05-07'),
	(8866,6,26,15075,15000,15000,'2019-05-07'),
	(8867,6,27,0,0,0,NULL),
	(8868,6,28,0,0,23000,'0000-00-00'),
	(8869,6,29,10000,10000,10000,'2019-05-07'),
	(8870,6,30,15075,15000,15000,'2019-05-07'),
	(8871,6,31,25125,25000,25000,'2019-05-07'),
	(8872,6,32,6000,6000,6000,'2019-05-07'),
	(8873,6,33,201000,201000,201000,'2019-05-07'),
	(8874,6,34,10000,10000,10000,'2019-05-07'),
	(8875,6,35,83750,84000,84000,'2019-05-07'),
	(8877,7,20,0,0,0,NULL),
	(8878,7,21,20100,20000,0,NULL),
	(8879,7,22,10888,11000,0,NULL),
	(8880,7,23,10050,10000,0,NULL),
	(8881,7,24,43048,43000,0,NULL),
	(8882,7,25,6700,7000,0,NULL),
	(8883,7,26,15075,15000,0,NULL),
	(8884,7,27,0,0,0,NULL),
	(8885,7,28,0,0,0,NULL),
	(8886,7,29,10000,10000,0,NULL),
	(8887,7,30,15075,15000,0,NULL),
	(8888,7,31,25125,25000,0,NULL),
	(8889,7,32,6000,6000,0,NULL),
	(8890,7,33,201000,201000,0,NULL),
	(8891,7,34,10000,10000,0,NULL),
	(8892,7,35,83750,84000,0,NULL),
	(8894,8,20,0,0,363000,'0000-00-00'),
	(8895,8,21,20100,20000,20000,'2019-05-07'),
	(8896,8,22,10888,11000,11000,'2019-05-07'),
	(8897,8,23,10050,10000,10000,'2019-05-07'),
	(8898,8,24,43048,43000,43000,'2019-05-07'),
	(8899,8,25,6700,7000,7000,'2019-05-07'),
	(8900,8,26,15075,15000,15000,'2019-05-07'),
	(8901,8,27,0,0,5000,'0000-00-00'),
	(8902,8,28,0,0,0,NULL),
	(8903,8,29,10000,10000,10000,'2019-05-07'),
	(8904,8,30,15075,15000,15000,'2019-05-07'),
	(8905,8,31,25125,25000,25000,'2019-05-07'),
	(8906,8,32,6000,6000,6000,'2019-05-07'),
	(8907,8,33,201000,201000,201000,'2019-05-07'),
	(8908,8,34,10000,10000,10000,'2019-05-07'),
	(8909,8,35,83750,84000,84000,'2019-05-07'),
	(8911,9,20,0,0,0,NULL),
	(8912,9,21,4267,4000,0,NULL),
	(8913,9,22,2311,2000,0,NULL),
	(8914,9,23,2133,2000,0,NULL),
	(8915,9,24,9138,9000,0,NULL),
	(8916,9,25,1422,1000,0,NULL),
	(8917,9,26,3200,3000,0,NULL),
	(8918,9,27,0,0,0,NULL),
	(8919,9,28,0,0,0,NULL),
	(8920,9,29,10000,10000,0,NULL),
	(8921,9,30,3200,3000,0,NULL),
	(8922,9,31,5333,5000,0,NULL),
	(8923,9,32,6000,6000,0,NULL),
	(8924,9,33,42667,43000,0,NULL),
	(8925,9,34,10000,10000,0,NULL),
	(8926,9,35,17778,18000,0,NULL),
	(8928,10,20,0,0,0,NULL),
	(8929,10,21,4267,4000,0,NULL),
	(8930,10,22,2311,2000,0,NULL),
	(8931,10,23,2133,2000,0,NULL),
	(8932,10,24,9138,9000,0,NULL),
	(8933,10,25,1422,1000,0,NULL),
	(8934,10,26,3200,3000,0,NULL),
	(8935,10,27,0,0,0,NULL),
	(8936,10,28,0,0,0,NULL),
	(8937,10,29,10000,10000,0,NULL),
	(8938,10,30,3200,3000,0,NULL),
	(8939,10,31,5333,5000,0,NULL),
	(8940,10,32,6000,6000,0,NULL),
	(8941,10,33,42667,43000,0,NULL),
	(8942,10,34,10000,10000,0,NULL),
	(8943,10,35,17778,18000,0,NULL),
	(8945,11,20,0,0,0,NULL),
	(8946,11,21,4267,4000,0,NULL),
	(8947,11,22,2311,2000,0,NULL),
	(8948,11,23,2133,2000,0,NULL),
	(8949,11,24,9138,9000,0,NULL),
	(8950,11,25,1422,1000,0,NULL),
	(8951,11,26,3200,3000,0,NULL),
	(8952,11,27,0,0,0,NULL),
	(8953,11,28,0,0,0,NULL),
	(8954,11,29,0,0,0,NULL),
	(8955,11,30,3200,3000,0,NULL),
	(8956,11,31,5333,5000,0,NULL),
	(8957,11,32,0,0,0,NULL),
	(8958,11,33,42667,43000,0,NULL),
	(8959,11,34,0,0,0,NULL),
	(8960,11,35,17778,18000,0,NULL),
	(8962,12,20,0,0,124000,'0000-00-00'),
	(8963,12,21,0,0,0,NULL),
	(8964,12,22,0,0,0,NULL),
	(8965,12,23,0,0,0,NULL),
	(8966,12,24,0,0,0,NULL),
	(8967,12,25,0,0,0,NULL),
	(8968,12,26,0,0,0,NULL),
	(8969,12,27,0,0,0,NULL),
	(8970,12,28,0,0,0,NULL),
	(8971,12,29,10000,10000,10000,'2019-05-07'),
	(8972,12,30,0,0,0,NULL),
	(8973,12,31,0,0,0,NULL),
	(8974,12,32,6000,6000,6000,'2019-05-07'),
	(8975,12,33,0,0,0,NULL),
	(8976,12,34,10000,10000,10000,'2019-05-07'),
	(8977,12,35,0,0,0,NULL),
	(8979,13,20,0,0,0,NULL),
	(8980,13,21,4267,4000,0,NULL),
	(8981,13,22,2311,2000,0,NULL),
	(8982,13,23,2133,2000,0,NULL),
	(8983,13,24,9138,9000,0,NULL),
	(8984,13,25,1422,1000,0,NULL),
	(8985,13,26,3200,3000,0,NULL),
	(8986,13,27,0,0,0,NULL),
	(8987,13,28,0,0,0,NULL),
	(8988,13,29,10000,10000,0,NULL),
	(8989,13,30,3200,3000,0,NULL),
	(8990,13,31,5333,5000,0,NULL),
	(8991,13,32,6000,6000,0,NULL),
	(8992,13,33,42667,43000,0,NULL),
	(8993,13,34,10000,10000,0,NULL),
	(8994,13,35,17778,18000,0,NULL),
	(8996,14,20,0,0,50000,'0000-00-00'),
	(8997,14,21,0,0,1000,'0000-00-00'),
	(8998,14,22,0,0,1000,'0000-00-00'),
	(8999,14,23,0,0,3000,'0000-00-00'),
	(9000,14,24,0,0,1000,'0000-00-00'),
	(9001,14,25,0,0,2000,'0000-00-00'),
	(9002,14,26,0,0,1000,'0000-00-00'),
	(9003,14,27,0,0,1000,'0000-00-00'),
	(9004,14,28,0,0,0,NULL),
	(9005,14,29,10000,10000,10000,'2019-05-07'),
	(9006,14,30,0,0,1000,'0000-00-00'),
	(9007,14,31,0,0,3000,'0000-00-00'),
	(9008,14,32,6000,6000,6000,'2019-05-07'),
	(9009,14,33,0,0,5000,'0000-00-00'),
	(9010,14,34,10000,10000,10000,'2019-05-07'),
	(9011,14,35,0,0,5000,'0000-00-00'),
	(9013,15,20,0,0,200000,'0000-00-00'),
	(9014,15,21,4267,4000,4000,'2019-05-07'),
	(9015,15,22,2311,2000,2000,'2019-05-07'),
	(9016,15,23,2133,2000,2000,'2019-05-07'),
	(9017,15,24,9138,9000,9000,'2019-05-07'),
	(9018,15,25,1422,1000,1000,'2019-05-07'),
	(9019,15,26,3200,3000,3000,'2019-05-07'),
	(9020,15,27,0,0,0,NULL),
	(9021,15,28,0,0,0,NULL),
	(9022,15,29,10000,10000,10000,'2019-05-07'),
	(9023,15,30,3200,3000,3000,'2019-05-07'),
	(9024,15,31,5333,5000,5000,'2019-05-07'),
	(9025,15,32,6000,6000,6000,'2019-05-07'),
	(9026,15,33,42667,43000,43000,'2019-05-07'),
	(9027,15,34,10000,10000,10000,'2019-05-07'),
	(9028,15,35,17778,18000,18000,'2019-05-07'),
	(9030,16,20,0,0,0,NULL),
	(9031,16,21,4267,4000,0,NULL),
	(9032,16,22,2311,2000,0,NULL),
	(9033,16,23,2133,2000,0,NULL),
	(9034,16,24,9138,9000,0,NULL),
	(9035,16,25,1422,1000,0,NULL),
	(9036,16,26,3200,3000,0,NULL),
	(9037,16,27,0,0,0,NULL),
	(9038,16,28,0,0,0,NULL),
	(9039,16,29,0,0,0,NULL),
	(9040,16,30,3200,3000,0,NULL),
	(9041,16,31,5333,5000,0,NULL),
	(9042,16,32,0,0,0,NULL),
	(9043,16,33,42667,43000,0,NULL),
	(9044,16,34,0,0,0,NULL),
	(9045,16,35,17778,18000,0,NULL),
	(9047,17,20,0,0,0,NULL),
	(9048,17,21,4267,4000,0,NULL),
	(9049,17,22,2311,2000,0,NULL),
	(9050,17,23,2133,2000,0,NULL),
	(9051,17,24,9138,9000,0,NULL),
	(9052,17,25,1422,1000,0,NULL),
	(9053,17,26,3200,3000,0,NULL),
	(9054,17,27,0,0,0,NULL),
	(9055,17,28,0,0,0,NULL),
	(9056,17,29,10000,10000,0,NULL),
	(9057,17,30,3200,3000,0,NULL),
	(9058,17,31,5333,5000,0,NULL),
	(9059,17,32,6000,6000,0,NULL),
	(9060,17,33,42667,43000,0,NULL),
	(9061,17,34,10000,10000,0,NULL),
	(9062,17,35,17778,18000,0,NULL),
	(9064,18,20,0,0,0,NULL),
	(9065,18,21,4267,4000,0,NULL),
	(9066,18,22,2311,2000,0,NULL),
	(9067,18,23,2133,2000,0,NULL),
	(9068,18,24,9138,9000,0,NULL),
	(9069,18,25,1422,1000,0,NULL),
	(9070,18,26,3200,3000,0,NULL),
	(9071,18,27,0,0,0,NULL),
	(9072,18,28,0,0,0,NULL),
	(9073,18,29,10000,10000,0,NULL),
	(9074,18,30,3200,3000,0,NULL),
	(9075,18,31,5333,5000,0,NULL),
	(9076,18,32,6000,6000,0,NULL),
	(9077,18,33,42667,43000,0,NULL),
	(9078,18,34,10000,10000,0,NULL),
	(9079,18,35,17778,18000,0,NULL),
	(9081,19,20,0,0,0,NULL),
	(9082,19,21,0,0,0,NULL),
	(9083,19,22,0,0,0,NULL),
	(9084,19,23,0,0,0,NULL),
	(9085,19,24,0,0,0,NULL),
	(9086,19,25,0,0,0,NULL),
	(9087,19,26,0,0,0,NULL),
	(9088,19,27,0,0,0,NULL),
	(9089,19,28,0,0,0,NULL),
	(9090,19,29,0,0,0,NULL),
	(9091,19,30,0,0,0,NULL),
	(9092,19,31,0,0,0,NULL),
	(9093,19,32,0,0,0,NULL),
	(9094,19,33,0,0,0,NULL),
	(9095,19,34,0,0,0,NULL),
	(9096,19,35,0,0,0,NULL),
	(9098,20,20,0,0,0,NULL),
	(9099,20,21,20100,20000,0,NULL),
	(9100,20,22,10888,11000,0,NULL),
	(9101,20,23,10050,10000,0,NULL),
	(9102,20,24,43048,43000,0,NULL),
	(9103,20,25,6700,7000,0,NULL),
	(9104,20,26,15075,15000,0,NULL),
	(9105,20,27,0,0,0,NULL),
	(9106,20,28,0,0,0,NULL),
	(9107,20,29,10000,10000,0,NULL),
	(9108,20,30,15075,15000,0,NULL),
	(9109,20,31,25125,25000,0,NULL),
	(9110,20,32,6000,6000,0,NULL),
	(9111,20,33,201000,201000,0,NULL),
	(9112,20,34,10000,10000,0,NULL),
	(9113,20,35,83750,84000,0,NULL),
	(9115,21,20,0,0,74000,'0000-00-00'),
	(9116,21,21,0,0,0,NULL),
	(9117,21,22,0,0,0,NULL),
	(9118,21,23,0,0,0,NULL),
	(9119,21,24,0,0,0,NULL),
	(9120,21,25,0,0,0,NULL),
	(9121,21,26,0,0,0,NULL),
	(9122,21,27,0,0,0,NULL),
	(9123,21,28,0,0,0,NULL),
	(9124,21,29,10000,10000,10000,'2019-05-07'),
	(9125,21,30,0,0,0,NULL),
	(9126,21,31,0,0,0,NULL),
	(9127,21,32,6000,6000,6000,'2019-05-07'),
	(9128,21,33,0,0,0,NULL),
	(9129,21,34,10000,10000,10000,'2019-05-07'),
	(9130,21,35,0,0,0,NULL),
	(9132,22,20,0,0,57500,'0000-00-00'),
	(9133,22,21,0,0,2000,'0000-00-00'),
	(9134,22,22,0,0,1000,'0000-00-00'),
	(9135,22,23,0,0,1000,'0000-00-00'),
	(9136,22,24,0,0,1000,'0000-00-00'),
	(9137,22,25,0,0,1000,'0000-00-00'),
	(9138,22,26,0,0,2000,'0000-00-00'),
	(9139,22,27,0,0,2000,'0000-00-00'),
	(9140,22,28,0,0,0,NULL),
	(9141,22,29,0,0,0,NULL),
	(9142,22,30,0,0,1000,'0000-00-00'),
	(9143,22,31,0,0,2000,'0000-00-00'),
	(9144,22,32,0,0,0,NULL),
	(9145,22,33,0,0,14500,'0000-00-00'),
	(9146,22,34,0,0,0,NULL),
	(9147,22,35,0,0,10000,'0000-00-00'),
	(9149,23,20,0,0,0,NULL),
	(9150,23,21,0,0,0,NULL),
	(9151,23,22,0,0,0,NULL),
	(9152,23,23,0,0,0,NULL),
	(9153,23,24,0,0,0,NULL),
	(9154,23,25,0,0,0,NULL),
	(9155,23,26,0,0,0,NULL),
	(9156,23,27,0,0,0,NULL),
	(9157,23,28,0,0,0,NULL),
	(9158,23,29,0,0,0,NULL),
	(9159,23,30,0,0,0,NULL),
	(9160,23,31,0,0,0,NULL),
	(9161,23,32,0,0,0,NULL),
	(9162,23,33,0,0,0,NULL),
	(9163,23,34,0,0,0,NULL),
	(9164,23,35,0,0,0,NULL),
	(9166,24,20,0,0,50000,'0000-00-00'),
	(9167,24,21,0,0,0,NULL),
	(9168,24,22,0,0,0,NULL),
	(9169,24,23,0,0,0,NULL),
	(9170,24,24,0,0,0,NULL),
	(9171,24,25,0,0,0,NULL),
	(9172,24,26,0,0,0,NULL),
	(9173,24,27,0,0,0,NULL),
	(9174,24,28,0,0,0,NULL),
	(9175,24,29,0,0,0,NULL),
	(9176,24,30,0,0,0,NULL),
	(9177,24,31,0,0,0,NULL),
	(9178,24,32,0,0,0,NULL),
	(9179,24,33,0,0,0,NULL),
	(9180,24,34,0,0,0,NULL),
	(9181,24,35,0,0,0,NULL),
	(9183,25,20,0,0,0,NULL),
	(9184,25,21,0,0,0,NULL),
	(9185,25,22,0,0,0,NULL),
	(9186,25,23,0,0,0,NULL),
	(9187,25,24,0,0,0,NULL),
	(9188,25,25,0,0,0,NULL),
	(9189,25,26,0,0,0,NULL),
	(9190,25,27,0,0,0,NULL),
	(9191,25,28,0,0,0,NULL),
	(9192,25,29,0,0,0,NULL),
	(9193,25,30,0,0,0,NULL),
	(9194,25,31,0,0,0,NULL),
	(9195,25,32,0,0,0,NULL),
	(9196,25,33,0,0,0,NULL),
	(9197,25,34,0,0,0,NULL),
	(9198,25,35,0,0,0,NULL),
	(9200,26,20,0,0,165000,'0000-00-00'),
	(9201,26,21,4267,4000,4000,'2019-05-07'),
	(9202,26,22,2311,2000,2000,'2019-05-07'),
	(9203,26,23,2133,2000,2000,'2019-05-07'),
	(9204,26,24,9138,9000,9000,'2019-05-07'),
	(9205,26,25,1422,1000,1000,'2019-05-07'),
	(9206,26,26,3200,3000,3000,'2019-05-07'),
	(9207,26,27,0,0,0,NULL),
	(9208,26,28,0,0,0,NULL),
	(9209,26,29,0,0,0,NULL),
	(9210,26,30,3200,3000,3000,'2019-05-07'),
	(9211,26,31,5333,5000,5000,'2019-05-07'),
	(9212,26,32,0,0,0,NULL),
	(9213,26,33,42667,43000,43000,'2019-05-07'),
	(9214,26,34,0,0,0,NULL),
	(9215,26,35,17778,18000,18000,'2019-05-07'),
	(9217,27,20,0,0,703000,'0000-00-00'),
	(9218,27,21,20100,20000,20000,'2019-05-07'),
	(9219,27,22,10888,11000,11000,'2019-05-07'),
	(9220,27,23,10050,10000,10000,'2019-05-07'),
	(9221,27,24,43048,43000,43000,'2019-05-07'),
	(9222,27,25,6700,7000,7000,'2019-05-07'),
	(9223,27,26,15075,15000,15000,'2019-05-07'),
	(9224,27,27,0,0,5000,'0000-00-00'),
	(9225,27,28,0,0,0,NULL),
	(9226,27,29,10000,10000,10000,'2019-05-07'),
	(9227,27,30,15075,15000,15000,'2019-05-07'),
	(9228,27,31,25125,25000,25000,'2019-05-07'),
	(9229,27,32,6000,6000,6000,'2019-05-07'),
	(9230,27,33,201000,201000,201000,'2019-05-07'),
	(9231,27,34,10000,10000,10000,'2019-05-07'),
	(9232,27,35,83750,84000,84000,'2019-05-07'),
	(9234,28,20,0,0,0,NULL),
	(9235,28,21,0,0,0,NULL),
	(9236,28,22,0,0,0,NULL),
	(9237,28,23,0,0,0,NULL),
	(9238,28,24,0,0,0,NULL),
	(9239,28,25,0,0,0,NULL),
	(9240,28,26,0,0,0,NULL),
	(9241,28,27,0,0,0,NULL),
	(9242,28,28,0,0,0,NULL),
	(9243,28,29,0,0,0,NULL),
	(9244,28,30,0,0,0,NULL),
	(9245,28,31,0,0,0,NULL),
	(9246,28,32,0,0,0,NULL),
	(9247,28,33,0,0,0,NULL),
	(9248,28,34,0,0,0,NULL),
	(9249,28,35,0,0,0,NULL),
	(9250,1,37,314063,314000,0,NULL),
	(9251,1,38,15075,15000,0,NULL),
	(9252,1,39,41875,42000,0,NULL),
	(9253,1,40,6700,7000,0,NULL),
	(9254,2,37,314063,314000,0,NULL),
	(9255,2,38,15075,15000,0,NULL),
	(9256,2,39,41875,42000,0,NULL),
	(9257,2,40,6700,7000,0,NULL),
	(9258,3,37,314063,314000,0,NULL),
	(9259,3,38,15075,15000,0,NULL),
	(9260,3,39,41875,42000,0,NULL),
	(9261,3,40,6700,7000,0,NULL),
	(9262,4,37,637500,638000,0,NULL),
	(9263,4,38,30600,31000,0,NULL),
	(9264,4,39,85000,85000,0,NULL),
	(9265,4,40,13600,14000,0,NULL),
	(9266,5,37,0,0,0,NULL),
	(9267,5,38,0,0,0,NULL),
	(9268,5,39,0,0,0,NULL),
	(9269,5,40,0,0,0,NULL),
	(9270,6,37,314063,314000,0,NULL),
	(9271,6,38,15075,15000,0,NULL),
	(9272,6,39,41875,42000,0,NULL),
	(9273,6,40,6700,7000,0,NULL),
	(9274,7,37,314063,314000,0,NULL),
	(9275,7,38,15075,15000,0,NULL),
	(9276,7,39,41875,42000,0,NULL),
	(9277,7,40,6700,7000,0,NULL),
	(9278,8,37,314063,314000,0,NULL),
	(9279,8,38,15075,15000,0,NULL),
	(9280,8,39,41875,42000,0,NULL),
	(9281,8,40,6700,7000,0,NULL),
	(9282,9,37,66667,67000,0,NULL),
	(9283,9,38,3200,3000,0,NULL),
	(9284,9,39,8889,9000,0,NULL),
	(9285,9,40,1422,1000,0,NULL),
	(9286,10,37,66667,67000,0,NULL),
	(9287,10,38,3200,3000,0,NULL),
	(9288,10,39,8889,9000,0,NULL),
	(9289,10,40,1422,1000,0,NULL),
	(9290,11,37,66667,67000,0,NULL),
	(9291,11,38,3200,3000,0,NULL),
	(9292,11,39,8889,9000,0,NULL),
	(9293,11,40,1422,1000,0,NULL),
	(9294,12,37,0,0,0,NULL),
	(9295,12,38,0,0,0,NULL),
	(9296,12,39,0,0,0,NULL),
	(9297,12,40,0,0,0,NULL),
	(9298,13,37,66667,67000,0,NULL),
	(9299,13,38,3200,3000,0,NULL),
	(9300,13,39,8889,9000,0,NULL),
	(9301,13,40,1422,1000,0,NULL),
	(9302,14,37,0,0,0,NULL),
	(9303,14,38,0,0,0,NULL),
	(9304,14,39,0,0,0,NULL),
	(9305,14,40,0,0,0,NULL),
	(9306,15,37,66667,67000,0,NULL),
	(9307,15,38,3200,3000,0,NULL),
	(9308,15,39,8889,9000,0,NULL),
	(9309,15,40,1422,1000,0,NULL),
	(9310,16,37,66667,67000,0,NULL),
	(9311,16,38,3200,3000,0,NULL),
	(9312,16,39,8889,9000,0,NULL),
	(9313,16,40,1422,1000,0,NULL),
	(9314,17,37,66667,67000,0,NULL),
	(9315,17,38,3200,3000,0,NULL),
	(9316,17,39,8889,9000,0,NULL),
	(9317,17,40,1422,1000,0,NULL),
	(9318,18,37,66667,67000,0,NULL),
	(9319,18,38,3200,3000,0,NULL),
	(9320,18,39,8889,9000,0,NULL),
	(9321,18,40,1422,1000,0,NULL),
	(9322,19,37,0,0,0,NULL),
	(9323,19,38,0,0,0,NULL),
	(9324,19,39,0,0,0,NULL),
	(9325,19,40,0,0,0,NULL),
	(9326,20,37,314063,314000,0,NULL),
	(9327,20,38,15075,15000,0,NULL),
	(9328,20,39,41875,42000,0,NULL),
	(9329,20,40,6700,7000,0,NULL),
	(9330,21,37,0,0,0,NULL),
	(9331,21,38,0,0,0,NULL),
	(9332,21,39,0,0,0,NULL),
	(9333,21,40,0,0,0,NULL),
	(9334,22,37,0,0,0,NULL),
	(9335,22,38,0,0,0,NULL),
	(9336,22,39,0,0,0,NULL),
	(9337,22,40,0,0,0,NULL),
	(9338,23,37,0,0,0,NULL),
	(9339,23,38,0,0,0,NULL),
	(9340,23,39,0,0,0,NULL),
	(9341,23,40,0,0,0,NULL),
	(9342,24,37,0,0,0,NULL),
	(9343,24,38,0,0,0,NULL),
	(9344,24,39,0,0,0,NULL),
	(9345,24,40,0,0,0,NULL),
	(9346,25,37,0,0,0,NULL),
	(9347,25,38,0,0,0,NULL),
	(9348,25,39,0,0,0,NULL),
	(9349,25,40,0,0,0,NULL),
	(9350,26,37,66667,67000,0,NULL),
	(9351,26,38,3200,3000,0,NULL),
	(9352,26,39,8889,9000,0,NULL),
	(9353,26,40,1422,1000,0,NULL),
	(9354,27,37,314063,314000,0,NULL),
	(9355,27,38,15075,15000,0,NULL),
	(9356,27,39,41875,42000,0,NULL),
	(9357,27,40,6700,7000,0,NULL),
	(9358,28,37,0,0,0,NULL),
	(9359,28,38,0,0,0,NULL),
	(9360,28,39,0,0,0,NULL),
	(9361,28,40,0,0,0,NULL),
	(9362,1,41,0,0,1450000,'0000-00-00'),
	(9363,1,42,37688,38000,38000,'2019-06-03'),
	(9364,1,43,14000,14000,14000,'2019-06-03'),
	(9365,1,44,12646,13000,13000,'2019-06-03'),
	(9366,1,45,10050,10000,10000,'2019-06-03'),
	(9367,1,46,1843,2000,2000,'2019-06-03'),
	(9368,1,47,50585,51000,51000,'2019-06-03'),
	(9369,1,48,6700,7000,7000,'2019-06-03'),
	(9370,1,49,30150,30000,30000,'2019-06-03'),
	(9371,1,50,0,0,0,NULL),
	(9372,1,51,0,0,0,NULL),
	(9373,1,52,10000,10000,10000,'2019-06-03'),
	(9374,1,53,25293,25000,25000,'2019-06-03'),
	(9375,1,54,25125,25000,25000,'2019-06-03'),
	(9376,1,55,6000,6000,6000,'2019-06-03'),
	(9377,1,56,201000,201000,201000,'2019-06-03'),
	(9378,1,57,5863,6000,6000,'2019-06-03'),
	(9379,1,58,10000,10000,10000,'2019-06-03'),
	(9380,1,59,62813,63000,63000,'2019-06-03'),
	(9381,2,41,0,0,0,NULL),
	(9382,2,42,37688,38000,0,NULL),
	(9383,2,43,0,0,0,NULL),
	(9384,2,44,12646,13000,0,NULL),
	(9385,2,45,10050,10000,0,NULL),
	(9386,2,46,1843,2000,0,NULL),
	(9387,2,47,50585,51000,0,NULL),
	(9388,2,48,6700,7000,0,NULL),
	(9389,2,49,30150,30000,0,NULL),
	(9390,2,50,0,0,0,NULL),
	(9391,2,51,0,0,0,NULL),
	(9392,2,52,10000,10000,0,NULL),
	(9393,2,53,25293,25000,0,NULL),
	(9394,2,54,25125,25000,0,NULL),
	(9395,2,55,6000,6000,0,NULL),
	(9396,2,56,201000,201000,0,NULL),
	(9397,2,57,5863,6000,0,NULL),
	(9398,2,58,10000,10000,0,NULL),
	(9399,2,59,62813,63000,0,NULL),
	(9400,3,41,0,0,0,NULL),
	(9401,3,42,37688,38000,0,NULL),
	(9402,3,43,14000,14000,0,NULL),
	(9403,3,44,12646,13000,0,NULL),
	(9404,3,45,10050,10000,0,NULL),
	(9405,3,46,1843,2000,0,NULL),
	(9406,3,47,50585,51000,0,NULL),
	(9407,3,48,6700,7000,0,NULL),
	(9408,3,49,30150,30000,0,NULL),
	(9409,3,50,0,0,0,NULL),
	(9410,3,51,0,0,0,NULL),
	(9411,3,52,10000,10000,0,NULL),
	(9412,3,53,25293,25000,0,NULL),
	(9413,3,54,25125,25000,0,NULL),
	(9414,3,55,6000,6000,0,NULL),
	(9415,3,56,201000,201000,0,NULL),
	(9416,3,57,5863,6000,0,NULL),
	(9417,3,58,10000,10000,0,NULL),
	(9418,3,59,62813,63000,0,NULL),
	(9419,4,41,0,0,2105000,'0000-00-00'),
	(9420,4,42,76500,77000,77000,'2019-06-03'),
	(9421,4,43,14000,14000,14000,'2019-06-03'),
	(9422,4,44,25670,26000,26000,'2019-06-03'),
	(9423,4,45,20400,20000,20000,'2019-06-03'),
	(9424,4,46,3740,4000,4000,'2019-06-03'),
	(9425,4,47,102680,103000,103000,'2019-06-03'),
	(9426,4,48,13600,14000,14000,'2019-06-03'),
	(9427,4,49,61200,61000,61000,'2019-06-03'),
	(9428,4,50,0,0,0,NULL),
	(9429,4,51,0,0,0,NULL),
	(9430,4,52,10000,10000,10000,'2019-06-03'),
	(9431,4,53,51340,51000,51000,'2019-06-03'),
	(9432,4,54,51000,51000,51000,'2019-06-03'),
	(9433,4,55,6000,6000,6000,'2019-06-03'),
	(9434,4,56,408000,408000,408000,'2019-06-03'),
	(9435,4,57,11900,12000,12000,'2019-06-03'),
	(9436,4,58,10000,10000,10000,'2019-06-03'),
	(9437,4,59,127500,128000,128000,'2019-06-03'),
	(9438,5,41,0,0,30000,'0000-00-00'),
	(9439,5,42,0,0,0,NULL),
	(9440,5,43,0,0,0,NULL),
	(9441,5,44,0,0,0,NULL),
	(9442,5,45,0,0,5000,'0000-00-00'),
	(9443,5,46,0,0,0,NULL),
	(9444,5,47,0,0,5000,'0000-00-00'),
	(9445,5,48,0,0,0,NULL),
	(9446,5,49,0,0,0,NULL),
	(9447,5,50,0,0,0,NULL),
	(9448,5,51,0,0,5000,'0000-00-00'),
	(9449,5,52,0,0,0,NULL),
	(9450,5,53,0,0,0,NULL),
	(9451,5,54,0,0,0,NULL),
	(9452,5,55,0,0,0,NULL),
	(9453,5,56,0,0,10000,'0000-00-00'),
	(9454,5,57,0,0,0,NULL),
	(9455,5,58,0,0,0,NULL),
	(9456,5,59,0,0,15000,'0000-00-00'),
	(9457,6,41,0,0,600000,'0000-00-00'),
	(9458,6,42,37688,38000,38000,'2019-06-03'),
	(9459,6,43,0,0,0,'2019-06-03'),
	(9460,6,44,12646,13000,13000,'2019-06-03'),
	(9461,6,45,10050,10000,10000,'2019-06-03'),
	(9462,6,46,1843,2000,2000,'2019-06-03'),
	(9463,6,47,50585,51000,25000,'0000-00-00'),
	(9464,6,48,6700,7000,7000,'2019-06-03'),
	(9465,6,49,30150,30000,30000,'2019-06-03'),
	(9466,6,50,0,0,0,NULL),
	(9467,6,51,0,0,20000,'0000-00-00'),
	(9468,6,52,10000,10000,10000,'2019-06-03'),
	(9469,6,53,25293,25000,25000,'2019-06-03'),
	(9470,6,54,25125,25000,25000,'2019-06-03'),
	(9471,6,55,6000,6000,6000,'2019-06-03'),
	(9472,6,56,201000,201000,201000,'2019-06-03'),
	(9473,6,57,5863,6000,6000,'2019-06-03'),
	(9474,6,58,10000,10000,10000,'2019-06-03'),
	(9475,6,59,62813,63000,63000,'2019-06-03'),
	(9476,7,41,0,0,0,NULL),
	(9477,7,42,37688,38000,0,NULL),
	(9478,7,43,0,0,0,NULL),
	(9479,7,44,12646,13000,0,NULL),
	(9480,7,45,10050,10000,0,NULL),
	(9481,7,46,1843,2000,0,NULL),
	(9482,7,47,50585,51000,0,NULL),
	(9483,7,48,6700,7000,0,NULL),
	(9484,7,49,30150,30000,0,NULL),
	(9485,7,50,0,0,0,NULL),
	(9486,7,51,0,0,0,NULL),
	(9487,7,52,10000,10000,0,NULL),
	(9488,7,53,25293,25000,0,NULL),
	(9489,7,54,25125,25000,0,NULL),
	(9490,7,55,6000,6000,0,NULL),
	(9491,7,56,201000,201000,0,NULL),
	(9492,7,57,5863,6000,0,NULL),
	(9493,7,58,10000,10000,0,NULL),
	(9494,7,59,62813,63000,0,NULL),
	(9495,8,41,0,0,0,NULL),
	(9496,8,42,37688,38000,0,NULL),
	(9497,8,43,14000,14000,0,NULL),
	(9498,8,44,12646,13000,0,NULL),
	(9499,8,45,10050,10000,0,NULL),
	(9500,8,46,1843,2000,0,NULL),
	(9501,8,47,50585,51000,0,NULL),
	(9502,8,48,6700,7000,0,NULL),
	(9503,8,49,30150,30000,0,NULL),
	(9504,8,50,0,0,0,NULL),
	(9505,8,51,0,0,0,NULL),
	(9506,8,52,10000,10000,0,NULL),
	(9507,8,53,25293,25000,0,NULL),
	(9508,8,54,25125,25000,0,NULL),
	(9509,8,55,6000,6000,0,NULL),
	(9510,8,56,201000,201000,0,NULL),
	(9511,8,57,5863,6000,0,NULL),
	(9512,8,58,10000,10000,0,NULL),
	(9513,8,59,62813,63000,0,NULL),
	(9514,9,41,0,0,0,NULL),
	(9515,9,42,8000,8000,0,NULL),
	(9516,9,43,14000,14000,0,NULL),
	(9517,9,44,2684,3000,0,NULL),
	(9518,9,45,2133,2000,0,NULL),
	(9519,9,46,391,0,0,NULL),
	(9520,9,47,10738,11000,0,NULL),
	(9521,9,48,1422,1000,0,NULL),
	(9522,9,49,6400,6000,0,NULL),
	(9523,9,50,0,0,0,NULL),
	(9524,9,51,0,0,0,NULL),
	(9525,9,52,10000,10000,0,NULL),
	(9526,9,53,5369,5000,0,NULL),
	(9527,9,54,5333,5000,0,NULL),
	(9528,9,55,6000,6000,0,NULL),
	(9529,9,56,42667,43000,0,NULL),
	(9530,9,57,1244,1000,0,NULL),
	(9531,9,58,10000,10000,0,NULL),
	(9532,9,59,13333,13000,0,NULL),
	(9533,10,41,0,0,0,NULL),
	(9534,10,42,8000,8000,0,NULL),
	(9535,10,43,0,0,0,NULL),
	(9536,10,44,2684,3000,0,NULL),
	(9537,10,45,2133,2000,0,NULL),
	(9538,10,46,391,0,0,NULL),
	(9539,10,47,10738,11000,0,NULL),
	(9540,10,48,1422,1000,0,NULL),
	(9541,10,49,6400,6000,0,NULL),
	(9542,10,50,0,0,0,NULL),
	(9543,10,51,0,0,0,NULL),
	(9544,10,52,10000,10000,0,NULL),
	(9545,10,53,5369,5000,0,NULL),
	(9546,10,54,5333,5000,0,NULL),
	(9547,10,55,6000,6000,0,NULL),
	(9548,10,56,42667,43000,0,NULL),
	(9549,10,57,1244,1000,0,NULL),
	(9550,10,58,10000,10000,0,NULL),
	(9551,10,59,13333,13000,0,NULL),
	(9552,11,41,0,0,0,NULL),
	(9553,11,42,8000,8000,0,NULL),
	(9554,11,43,0,0,0,NULL),
	(9555,11,44,2684,3000,0,NULL),
	(9556,11,45,2133,2000,0,NULL),
	(9557,11,46,391,0,0,NULL),
	(9558,11,47,10738,11000,0,NULL),
	(9559,11,48,1422,1000,0,NULL),
	(9560,11,49,6400,6000,0,NULL),
	(9561,11,50,0,0,0,NULL),
	(9562,11,51,0,0,0,NULL),
	(9563,11,52,0,0,0,NULL),
	(9564,11,53,5369,5000,0,NULL),
	(9565,11,54,5333,5000,0,NULL),
	(9566,11,55,0,0,0,NULL),
	(9567,11,56,42667,43000,0,NULL),
	(9568,11,57,1244,1000,0,NULL),
	(9569,11,58,0,0,0,NULL),
	(9570,11,59,13333,13000,0,NULL),
	(9571,12,41,0,0,0,NULL),
	(9572,12,42,0,0,0,NULL),
	(9573,12,43,0,0,0,NULL),
	(9574,12,44,0,0,0,NULL),
	(9575,12,45,0,0,0,NULL),
	(9576,12,46,0,0,0,NULL),
	(9577,12,47,0,0,0,NULL),
	(9578,12,48,0,0,0,NULL),
	(9579,12,49,0,0,0,NULL),
	(9580,12,50,0,0,0,NULL),
	(9581,12,51,0,0,0,NULL),
	(9582,12,52,10000,10000,0,NULL),
	(9583,12,53,0,0,0,NULL),
	(9584,12,54,0,0,0,NULL),
	(9585,12,55,6000,6000,0,NULL),
	(9586,12,56,0,0,0,NULL),
	(9587,12,57,0,0,0,NULL),
	(9588,12,58,10000,10000,0,NULL),
	(9589,12,59,0,0,0,NULL),
	(9590,13,41,0,0,0,NULL),
	(9591,13,42,8000,8000,0,NULL),
	(9592,13,43,0,0,0,NULL),
	(9593,13,44,2684,3000,0,NULL),
	(9594,13,45,2133,2000,0,NULL),
	(9595,13,46,391,0,0,NULL),
	(9596,13,47,10738,11000,0,NULL),
	(9597,13,48,1422,1000,0,NULL),
	(9598,13,49,6400,6000,0,NULL),
	(9599,13,50,0,0,0,NULL),
	(9600,13,51,0,0,0,NULL),
	(9601,13,52,10000,10000,0,NULL),
	(9602,13,53,5369,5000,0,NULL),
	(9603,13,54,5333,5000,0,NULL),
	(9604,13,55,6000,6000,0,NULL),
	(9605,13,56,42667,43000,0,NULL),
	(9606,13,57,1244,1000,0,NULL),
	(9607,13,58,10000,10000,0,NULL),
	(9608,13,59,13333,13000,0,NULL),
	(9609,14,41,0,0,0,NULL),
	(9610,14,42,0,0,0,NULL),
	(9611,14,43,0,0,0,NULL),
	(9612,14,44,0,0,0,NULL),
	(9613,14,45,0,0,0,NULL),
	(9614,14,46,0,0,0,NULL),
	(9615,14,47,0,0,0,NULL),
	(9616,14,48,0,0,0,NULL),
	(9617,14,49,0,0,0,NULL),
	(9618,14,50,0,0,0,NULL),
	(9619,14,51,0,0,0,NULL),
	(9620,14,52,10000,10000,0,NULL),
	(9621,14,53,0,0,0,NULL),
	(9622,14,54,0,0,0,NULL),
	(9623,14,55,6000,6000,0,NULL),
	(9624,14,56,0,0,0,NULL),
	(9625,14,57,0,0,0,NULL),
	(9626,14,58,10000,10000,0,NULL),
	(9627,14,59,0,0,0,NULL),
	(9628,15,41,0,0,0,NULL),
	(9629,15,42,8000,8000,0,NULL),
	(9630,15,43,0,0,0,NULL),
	(9631,15,44,2684,3000,0,NULL),
	(9632,15,45,2133,2000,0,NULL),
	(9633,15,46,391,0,0,NULL),
	(9634,15,47,10738,11000,0,NULL),
	(9635,15,48,1422,1000,0,NULL),
	(9636,15,49,6400,6000,0,NULL),
	(9637,15,50,0,0,0,NULL),
	(9638,15,51,0,0,0,NULL),
	(9639,15,52,10000,10000,0,NULL),
	(9640,15,53,5369,5000,0,NULL),
	(9641,15,54,5333,5000,0,NULL),
	(9642,15,55,6000,6000,0,NULL),
	(9643,15,56,42667,43000,0,NULL),
	(9644,15,57,1244,1000,0,NULL),
	(9645,15,58,10000,10000,0,NULL),
	(9646,15,59,13333,13000,0,NULL),
	(9647,16,41,0,0,0,NULL),
	(9648,16,42,8000,8000,0,NULL),
	(9649,16,43,0,0,0,NULL),
	(9650,16,44,2684,3000,0,NULL),
	(9651,16,45,2133,2000,0,NULL),
	(9652,16,46,391,0,0,NULL),
	(9653,16,47,10738,11000,0,NULL),
	(9654,16,48,1422,1000,0,NULL),
	(9655,16,49,6400,6000,0,NULL),
	(9656,16,50,0,0,0,NULL),
	(9657,16,51,0,0,0,NULL),
	(9658,16,52,0,0,0,NULL),
	(9659,16,53,5369,5000,0,NULL),
	(9660,16,54,5333,5000,0,NULL),
	(9661,16,55,0,0,0,NULL),
	(9662,16,56,42667,43000,0,NULL),
	(9663,16,57,1244,1000,0,NULL),
	(9664,16,58,0,0,0,NULL),
	(9665,16,59,13333,13000,0,NULL),
	(9666,17,41,0,0,0,NULL),
	(9667,17,42,8000,8000,0,NULL),
	(9668,17,43,0,0,0,NULL),
	(9669,17,44,2684,3000,0,NULL),
	(9670,17,45,2133,2000,0,NULL),
	(9671,17,46,391,0,0,NULL),
	(9672,17,47,10738,11000,0,NULL),
	(9673,17,48,1422,1000,0,NULL),
	(9674,17,49,6400,6000,0,NULL),
	(9675,17,50,0,0,0,NULL),
	(9676,17,51,0,0,0,NULL),
	(9677,17,52,10000,10000,0,NULL),
	(9678,17,53,5369,5000,0,NULL),
	(9679,17,54,5333,5000,0,NULL),
	(9680,17,55,6000,6000,0,NULL),
	(9681,17,56,42667,43000,0,NULL),
	(9682,17,57,1244,1000,0,NULL),
	(9683,17,58,10000,10000,0,NULL),
	(9684,17,59,13333,13000,0,NULL),
	(9685,18,41,0,0,0,NULL),
	(9686,18,42,8000,8000,0,NULL),
	(9687,18,43,0,0,0,NULL),
	(9688,18,44,2684,3000,0,NULL),
	(9689,18,45,2133,2000,0,NULL),
	(9690,18,46,391,0,0,NULL),
	(9691,18,47,10738,11000,0,NULL),
	(9692,18,48,1422,1000,0,NULL),
	(9693,18,49,6400,6000,0,NULL),
	(9694,18,50,0,0,0,NULL),
	(9695,18,51,0,0,0,NULL),
	(9696,18,52,10000,10000,0,NULL),
	(9697,18,53,5369,5000,0,NULL),
	(9698,18,54,5333,5000,0,NULL),
	(9699,18,55,6000,6000,0,NULL),
	(9700,18,56,42667,43000,0,NULL),
	(9701,18,57,1244,1000,0,NULL),
	(9702,18,58,10000,10000,0,NULL),
	(9703,18,59,13333,13000,0,NULL),
	(9704,19,41,0,0,0,NULL),
	(9705,19,42,0,0,0,NULL),
	(9706,19,43,0,0,0,NULL),
	(9707,19,44,0,0,0,NULL),
	(9708,19,45,0,0,0,NULL),
	(9709,19,46,0,0,0,NULL),
	(9710,19,47,0,0,0,NULL),
	(9711,19,48,0,0,0,NULL),
	(9712,19,49,0,0,0,NULL),
	(9713,19,50,0,0,0,NULL),
	(9714,19,51,0,0,0,NULL),
	(9715,19,52,0,0,0,NULL),
	(9716,19,53,0,0,0,NULL),
	(9717,19,54,0,0,0,NULL),
	(9718,19,55,0,0,0,NULL),
	(9719,19,56,0,0,0,NULL),
	(9720,19,57,0,0,0,NULL),
	(9721,19,58,0,0,0,NULL),
	(9722,19,59,0,0,0,NULL),
	(9723,20,41,0,0,0,NULL),
	(9724,20,42,37688,38000,0,NULL),
	(9725,20,43,0,0,0,NULL),
	(9726,20,44,12646,13000,0,NULL),
	(9727,20,45,10050,10000,0,NULL),
	(9728,20,46,1843,2000,0,NULL),
	(9729,20,47,50585,51000,0,NULL),
	(9730,20,48,6700,7000,0,NULL),
	(9731,20,49,30150,30000,0,NULL),
	(9732,20,50,0,0,0,NULL),
	(9733,20,51,0,0,0,NULL),
	(9734,20,52,10000,10000,0,NULL),
	(9735,20,53,25293,25000,0,NULL),
	(9736,20,54,25125,25000,0,NULL),
	(9737,20,55,6000,6000,0,NULL),
	(9738,20,56,201000,201000,0,NULL),
	(9739,20,57,5863,6000,0,NULL),
	(9740,20,58,10000,10000,0,NULL),
	(9741,20,59,62813,63000,0,NULL),
	(9742,21,41,0,0,0,NULL),
	(9743,21,42,0,0,0,NULL),
	(9744,21,43,0,0,0,NULL),
	(9745,21,44,0,0,0,NULL),
	(9746,21,45,0,0,0,NULL),
	(9747,21,46,0,0,0,NULL),
	(9748,21,47,0,0,0,NULL),
	(9749,21,48,0,0,0,NULL),
	(9750,21,49,0,0,0,NULL),
	(9751,21,50,0,0,0,NULL),
	(9752,21,51,0,0,0,NULL),
	(9753,21,52,10000,10000,0,NULL),
	(9754,21,53,0,0,0,NULL),
	(9755,21,54,0,0,0,NULL),
	(9756,21,55,6000,6000,0,NULL),
	(9757,21,56,0,0,0,NULL),
	(9758,21,57,0,0,0,NULL),
	(9759,21,58,10000,10000,0,NULL),
	(9760,21,59,0,0,0,NULL),
	(9761,22,41,0,0,0,NULL),
	(9762,22,42,0,0,0,NULL),
	(9763,22,43,0,0,0,NULL),
	(9764,22,44,0,0,0,NULL),
	(9765,22,45,0,0,0,NULL),
	(9766,22,46,0,0,0,NULL),
	(9767,22,47,0,0,0,NULL),
	(9768,22,48,0,0,0,NULL),
	(9769,22,49,0,0,0,NULL),
	(9770,22,50,0,0,0,NULL),
	(9771,22,51,0,0,0,NULL),
	(9772,22,52,0,0,0,NULL),
	(9773,22,53,0,0,0,NULL),
	(9774,22,54,0,0,0,NULL),
	(9775,22,55,0,0,0,NULL),
	(9776,22,56,0,0,0,NULL),
	(9777,22,57,0,0,0,NULL),
	(9778,22,58,0,0,0,NULL),
	(9779,22,59,0,0,0,NULL),
	(9780,23,41,0,0,0,NULL),
	(9781,23,42,0,0,0,NULL),
	(9782,23,43,0,0,0,NULL),
	(9783,23,44,0,0,0,NULL),
	(9784,23,45,0,0,0,NULL),
	(9785,23,46,0,0,0,NULL),
	(9786,23,47,0,0,0,NULL),
	(9787,23,48,0,0,0,NULL),
	(9788,23,49,0,0,0,NULL),
	(9789,23,50,0,0,0,NULL),
	(9790,23,51,0,0,0,NULL),
	(9791,23,52,0,0,0,NULL),
	(9792,23,53,0,0,0,NULL),
	(9793,23,54,0,0,0,NULL),
	(9794,23,55,0,0,0,NULL),
	(9795,23,56,0,0,0,NULL),
	(9796,23,57,0,0,0,NULL),
	(9797,23,58,0,0,0,NULL),
	(9798,23,59,0,0,0,NULL),
	(9799,24,41,0,0,0,NULL),
	(9800,24,42,0,0,0,NULL),
	(9801,24,43,0,0,0,NULL),
	(9802,24,44,0,0,0,NULL),
	(9803,24,45,0,0,0,NULL),
	(9804,24,46,0,0,0,NULL),
	(9805,24,47,0,0,0,NULL),
	(9806,24,48,0,0,0,NULL),
	(9807,24,49,0,0,0,NULL),
	(9808,24,50,0,0,0,NULL),
	(9809,24,51,0,0,0,NULL),
	(9810,24,52,0,0,0,NULL),
	(9811,24,53,0,0,0,NULL),
	(9812,24,54,0,0,0,NULL),
	(9813,24,55,0,0,0,NULL),
	(9814,24,56,0,0,0,NULL),
	(9815,24,57,0,0,0,NULL),
	(9816,24,58,0,0,0,NULL),
	(9817,24,59,0,0,0,NULL),
	(9818,25,41,0,0,0,NULL),
	(9819,25,42,0,0,0,NULL),
	(9820,25,43,14000,14000,0,NULL),
	(9821,25,44,0,0,0,NULL),
	(9822,25,45,0,0,0,NULL),
	(9823,25,46,0,0,0,NULL),
	(9824,25,47,0,0,0,NULL),
	(9825,25,48,0,0,0,NULL),
	(9826,25,49,0,0,0,NULL),
	(9827,25,50,0,0,0,NULL),
	(9828,25,51,0,0,0,NULL),
	(9829,25,52,0,0,0,NULL),
	(9830,25,53,0,0,0,NULL),
	(9831,25,54,0,0,0,NULL),
	(9832,25,55,0,0,0,NULL),
	(9833,25,56,0,0,0,NULL),
	(9834,25,57,0,0,0,NULL),
	(9835,25,58,0,0,0,NULL),
	(9836,25,59,0,0,0,NULL),
	(9837,26,41,0,0,328000,'0000-00-00'),
	(9838,26,42,8000,8000,8000,'2019-06-03'),
	(9839,26,43,14000,14000,14000,'2019-06-03'),
	(9840,26,44,2684,3000,3000,'2019-06-03'),
	(9841,26,45,2133,2000,2000,'2019-06-03'),
	(9842,26,46,391,0,0,'2019-06-03'),
	(9843,26,47,10738,11000,11000,'2019-06-03'),
	(9844,26,48,1422,1000,1000,'2019-06-03'),
	(9845,26,49,6400,6000,6000,'2019-06-03'),
	(9846,26,50,0,0,0,NULL),
	(9847,26,51,0,0,0,NULL),
	(9848,26,52,0,0,0,NULL),
	(9849,26,53,5369,5000,5000,'2019-06-03'),
	(9850,26,54,5333,5000,5000,'2019-06-03'),
	(9851,26,55,0,0,0,NULL),
	(9852,26,56,42667,43000,43000,'2019-06-03'),
	(9853,26,57,1244,1000,1000,'2019-06-03'),
	(9854,26,58,0,0,0,NULL),
	(9855,26,59,13333,13000,13000,'2019-06-03'),
	(9856,27,41,0,0,1073000,'0000-00-00'),
	(9857,27,42,37688,38000,38000,'2019-06-03'),
	(9858,27,43,0,0,0,NULL),
	(9859,27,44,12646,13000,13000,'2019-06-03'),
	(9860,27,45,10050,10000,10000,'2019-06-03'),
	(9861,27,46,1843,2000,2000,'2019-06-03'),
	(9862,27,47,50585,51000,51000,'2019-06-03'),
	(9863,27,48,6700,7000,7000,'2019-06-03'),
	(9864,27,49,30150,30000,30000,'2019-06-03'),
	(9865,27,50,0,0,0,NULL),
	(9866,27,51,0,0,0,NULL),
	(9867,27,52,10000,10000,10000,'2019-06-03'),
	(9868,27,53,25293,25000,25000,'2019-06-03'),
	(9869,27,54,25125,25000,25000,'2019-06-03'),
	(9870,27,55,6000,6000,6000,'2019-06-03'),
	(9871,27,56,201000,201000,201000,'2019-06-03'),
	(9872,27,57,5863,6000,6000,'2019-06-03'),
	(9873,27,58,10000,10000,10000,'2019-06-03'),
	(9874,27,59,62813,63000,63000,'2019-06-03'),
	(9875,28,41,0,0,30000,'0000-00-00'),
	(9876,28,42,0,0,0,NULL),
	(9877,28,43,0,0,0,NULL),
	(9878,28,44,0,0,0,NULL),
	(9879,28,45,0,0,5000,'0000-00-00'),
	(9880,28,46,0,0,0,NULL),
	(9881,28,47,0,0,5000,'0000-00-00'),
	(9882,28,48,0,0,0,NULL),
	(9883,28,49,0,0,0,NULL),
	(9884,28,50,0,0,0,NULL),
	(9885,28,51,0,0,5000,'0000-00-00'),
	(9886,28,52,0,0,0,NULL),
	(9887,28,53,0,0,0,NULL),
	(9888,28,54,0,0,0,NULL),
	(9889,28,55,0,0,0,NULL),
	(9890,28,56,0,0,10000,'0000-00-00'),
	(9891,28,57,0,0,0,NULL),
	(9892,28,58,0,0,0,NULL),
	(9893,28,59,0,0,15000,'0000-00-00'),
	(9894,1,60,0,0,0,NULL),
	(9895,1,61,20100,20000,0,NULL),
	(9896,1,62,0,0,0,NULL),
	(9897,1,63,11390,11000,0,NULL),
	(9898,1,64,10050,10000,0,NULL),
	(9899,1,65,1424,1000,0,NULL),
	(9900,1,66,36431,36000,0,NULL),
	(9901,1,67,6700,7000,0,NULL),
	(9902,1,68,15075,15000,0,NULL),
	(9903,1,69,4188,4000,0,NULL),
	(9904,1,70,0,0,0,NULL),
	(9905,1,71,10000,10000,0,NULL),
	(9906,1,72,22613,23000,0,NULL),
	(9907,1,73,0,0,0,NULL),
	(9908,1,74,6000,6000,0,NULL),
	(9909,1,75,175875,176000,0,NULL),
	(9910,1,76,31406,31000,0,NULL),
	(9911,1,77,201000,201000,0,NULL),
	(9912,1,78,3518,4000,0,NULL),
	(9913,1,79,10000,10000,0,NULL),
	(9914,1,80,83750,84000,0,NULL),
	(9915,2,60,0,0,0,NULL),
	(9916,2,61,20100,20000,0,NULL),
	(9917,2,62,0,0,0,NULL),
	(9918,2,63,11390,11000,0,NULL),
	(9919,2,64,10050,10000,0,NULL),
	(9920,2,65,1424,1000,0,NULL),
	(9921,2,66,36431,36000,0,NULL),
	(9922,2,67,6700,7000,0,NULL),
	(9923,2,68,15075,15000,0,NULL),
	(9924,2,69,4188,4000,0,NULL),
	(9925,2,70,0,0,0,NULL),
	(9926,2,71,10000,10000,0,NULL),
	(9927,2,72,22613,23000,0,NULL),
	(9928,2,73,0,0,0,NULL),
	(9929,2,74,6000,6000,0,NULL),
	(9930,2,75,175875,176000,0,NULL),
	(9931,2,76,31406,31000,0,NULL),
	(9932,2,77,201000,201000,0,NULL),
	(9933,2,78,3518,4000,0,NULL),
	(9934,2,79,10000,10000,0,NULL),
	(9935,2,80,83750,84000,0,NULL),
	(9936,3,60,0,0,0,NULL),
	(9937,3,61,20100,20000,0,NULL),
	(9938,3,62,12000,12000,0,NULL),
	(9939,3,63,11390,11000,0,NULL),
	(9940,3,64,10050,10000,0,NULL),
	(9941,3,65,1424,1000,0,NULL),
	(9942,3,66,36431,36000,0,NULL),
	(9943,3,67,6700,7000,0,NULL),
	(9944,3,68,15075,15000,0,NULL),
	(9945,3,69,4188,4000,0,NULL),
	(9946,3,70,0,0,0,NULL),
	(9947,3,71,10000,10000,0,NULL),
	(9948,3,72,22613,23000,0,NULL),
	(9949,3,73,0,0,0,NULL),
	(9950,3,74,6000,6000,0,NULL),
	(9951,3,75,175875,176000,0,NULL),
	(9952,3,76,31406,31000,0,NULL),
	(9953,3,77,201000,201000,0,NULL),
	(9954,3,78,12000,12000,0,NULL),
	(9955,3,79,10000,10000,0,NULL),
	(9956,3,80,83750,84000,0,NULL),
	(9957,4,60,0,0,0,NULL),
	(9958,4,61,40800,41000,0,NULL),
	(9959,4,62,0,0,0,NULL),
	(9960,4,63,23120,23000,0,NULL),
	(9961,4,64,20400,20000,0,NULL),
	(9962,4,65,2890,3000,0,NULL),
	(9963,4,66,73950,74000,0,NULL),
	(9964,4,67,13600,14000,0,NULL),
	(9965,4,68,30600,31000,0,NULL),
	(9966,4,69,8500,9000,0,NULL),
	(9967,4,70,0,0,0,NULL),
	(9968,4,71,10000,10000,0,NULL),
	(9969,4,72,45900,46000,0,NULL),
	(9970,4,73,0,0,0,NULL),
	(9971,4,74,6000,6000,0,NULL),
	(9972,4,75,357000,357000,0,NULL),
	(9973,4,76,63750,64000,0,NULL),
	(9974,4,77,408000,408000,0,NULL),
	(9975,4,78,7140,7000,0,NULL),
	(9976,4,79,10000,10000,0,NULL),
	(9977,4,80,170000,170000,0,NULL),
	(9978,5,60,0,0,0,NULL),
	(9979,5,61,0,0,0,NULL),
	(9980,5,62,0,0,0,NULL),
	(9981,5,63,0,0,0,NULL),
	(9982,5,64,0,0,0,NULL),
	(9983,5,65,0,0,0,NULL),
	(9984,5,66,0,0,0,NULL),
	(9985,5,67,0,0,0,NULL),
	(9986,5,68,0,0,0,NULL),
	(9987,5,69,0,0,0,NULL),
	(9988,5,70,0,0,0,NULL),
	(9989,5,71,0,0,0,NULL),
	(9990,5,72,0,0,0,NULL),
	(9991,5,73,0,0,0,NULL),
	(9992,5,74,0,0,0,NULL),
	(9993,5,75,0,0,0,NULL),
	(9994,5,76,0,0,0,NULL),
	(9995,5,77,0,0,0,NULL),
	(9996,5,78,0,0,0,NULL),
	(9997,5,79,0,0,0,NULL),
	(9998,5,80,0,0,0,NULL),
	(9999,6,60,0,0,0,NULL),
	(10000,6,61,20100,20000,0,NULL),
	(10001,6,62,0,0,0,NULL),
	(10002,6,63,11390,11000,0,NULL),
	(10003,6,64,10050,10000,0,NULL),
	(10004,6,65,1424,1000,0,NULL),
	(10005,6,66,36431,36000,0,NULL),
	(10006,6,67,6700,7000,0,NULL),
	(10007,6,68,15075,15000,0,NULL),
	(10008,6,69,4188,4000,0,NULL),
	(10009,6,70,0,0,0,NULL),
	(10010,6,71,10000,10000,0,NULL),
	(10011,6,72,22613,23000,0,NULL),
	(10012,6,73,0,0,0,NULL),
	(10013,6,74,6000,6000,0,NULL),
	(10014,6,75,175875,176000,0,NULL),
	(10015,6,76,31406,31000,0,NULL),
	(10016,6,77,201000,201000,0,NULL),
	(10017,6,78,3518,4000,0,NULL),
	(10018,6,79,10000,10000,0,NULL),
	(10019,6,80,83750,84000,0,NULL),
	(10020,7,60,0,0,0,NULL),
	(10021,7,61,20100,20000,0,NULL),
	(10022,7,62,0,0,0,NULL),
	(10023,7,63,11390,11000,0,NULL),
	(10024,7,64,10050,10000,0,NULL),
	(10025,7,65,1424,1000,0,NULL),
	(10026,7,66,36431,36000,0,NULL),
	(10027,7,67,6700,7000,0,NULL),
	(10028,7,68,15075,15000,0,NULL),
	(10029,7,69,4188,4000,0,NULL),
	(10030,7,70,0,0,0,NULL),
	(10031,7,71,10000,10000,0,NULL),
	(10032,7,72,22613,23000,0,NULL),
	(10033,7,73,0,0,0,NULL),
	(10034,7,74,6000,6000,0,NULL),
	(10035,7,75,175875,176000,0,NULL),
	(10036,7,76,31406,31000,0,NULL),
	(10037,7,77,201000,201000,0,NULL),
	(10038,7,78,3518,4000,0,NULL),
	(10039,7,79,10000,10000,0,NULL),
	(10040,7,80,83750,84000,0,NULL),
	(10041,8,60,0,0,0,NULL),
	(10042,8,61,20100,20000,0,NULL),
	(10043,8,62,0,0,0,NULL),
	(10044,8,63,11390,11000,0,NULL),
	(10045,8,64,10050,10000,0,NULL),
	(10046,8,65,1424,1000,0,NULL),
	(10047,8,66,36431,36000,0,NULL),
	(10048,8,67,6700,7000,0,NULL),
	(10049,8,68,15075,15000,0,NULL),
	(10050,8,69,4188,4000,0,NULL),
	(10051,8,70,0,0,0,NULL),
	(10052,8,71,10000,10000,0,NULL),
	(10053,8,72,22613,23000,0,NULL),
	(10054,8,73,0,0,0,NULL),
	(10055,8,74,6000,6000,0,NULL),
	(10056,8,75,175875,176000,0,NULL),
	(10057,8,76,31406,31000,0,NULL),
	(10058,8,77,201000,201000,0,NULL),
	(10059,8,78,3518,4000,0,NULL),
	(10060,8,79,10000,10000,0,NULL),
	(10061,8,80,83750,84000,0,NULL),
	(10062,9,60,0,0,0,NULL),
	(10063,9,61,4267,4000,0,NULL),
	(10064,9,62,12000,12000,0,NULL),
	(10065,9,63,2418,2000,0,NULL),
	(10066,9,64,2133,2000,0,NULL),
	(10067,9,65,302,0,0,NULL),
	(10068,9,66,7733,8000,0,NULL),
	(10069,9,67,1422,1000,0,NULL),
	(10070,9,68,3200,3000,0,NULL),
	(10071,9,69,889,1000,0,NULL),
	(10072,9,70,0,0,0,NULL),
	(10073,9,71,10000,10000,0,NULL),
	(10074,9,72,4800,5000,0,NULL),
	(10075,9,73,0,0,0,NULL),
	(10076,9,74,6000,6000,0,NULL),
	(10077,9,75,37333,37000,0,NULL),
	(10078,9,76,6667,7000,0,NULL),
	(10079,9,77,42667,43000,0,NULL),
	(10080,9,78,12000,12000,0,NULL),
	(10081,9,79,10000,10000,0,NULL),
	(10082,9,80,17778,18000,0,NULL),
	(10083,10,60,0,0,0,NULL),
	(10084,10,61,4267,4000,0,NULL),
	(10085,10,62,0,0,0,NULL),
	(10086,10,63,2418,2000,0,NULL),
	(10087,10,64,2133,2000,0,NULL),
	(10088,10,65,302,0,0,NULL),
	(10089,10,66,7733,8000,0,NULL),
	(10090,10,67,1422,1000,0,NULL),
	(10091,10,68,3200,3000,0,NULL),
	(10092,10,69,889,1000,0,NULL),
	(10093,10,70,0,0,0,NULL),
	(10094,10,71,10000,10000,0,NULL),
	(10095,10,72,4800,5000,0,NULL),
	(10096,10,73,0,0,0,NULL),
	(10097,10,74,6000,6000,0,NULL),
	(10098,10,75,37333,37000,0,NULL),
	(10099,10,76,6667,7000,0,NULL),
	(10100,10,77,42667,43000,0,NULL),
	(10101,10,78,747,1000,0,NULL),
	(10102,10,79,10000,10000,0,NULL),
	(10103,10,80,17778,18000,0,NULL),
	(10104,11,60,0,0,0,NULL),
	(10105,11,61,4267,4000,0,NULL),
	(10106,11,62,0,0,0,NULL),
	(10107,11,63,2418,2000,0,NULL),
	(10108,11,64,2133,2000,0,NULL),
	(10109,11,65,302,0,0,NULL),
	(10110,11,66,7733,8000,0,NULL),
	(10111,11,67,1422,1000,0,NULL),
	(10112,11,68,3200,3000,0,NULL),
	(10113,11,69,889,1000,0,NULL),
	(10114,11,70,0,0,0,NULL),
	(10115,11,71,0,0,0,NULL),
	(10116,11,72,4800,5000,0,NULL),
	(10117,11,73,0,0,0,NULL),
	(10118,11,74,0,0,0,NULL),
	(10119,11,75,37333,37000,0,NULL),
	(10120,11,76,6667,7000,0,NULL),
	(10121,11,77,42667,43000,0,NULL),
	(10122,11,78,747,1000,0,NULL),
	(10123,11,79,0,0,0,NULL),
	(10124,11,80,17778,18000,0,NULL),
	(10125,12,60,0,0,0,NULL),
	(10126,12,61,0,0,0,NULL),
	(10127,12,62,0,0,0,NULL),
	(10128,12,63,0,0,0,NULL),
	(10129,12,64,0,0,0,NULL),
	(10130,12,65,0,0,0,NULL),
	(10131,12,66,0,0,0,NULL),
	(10132,12,67,0,0,0,NULL),
	(10133,12,68,0,0,0,NULL),
	(10134,12,69,0,0,0,NULL),
	(10135,12,70,0,0,0,NULL),
	(10136,12,71,10000,10000,0,NULL),
	(10137,12,72,0,0,0,NULL),
	(10138,12,73,0,0,0,NULL),
	(10139,12,74,6000,6000,0,NULL),
	(10140,12,75,0,0,0,NULL),
	(10141,12,76,0,0,0,NULL),
	(10142,12,77,0,0,0,NULL),
	(10143,12,78,0,0,0,NULL),
	(10144,12,79,10000,10000,0,NULL),
	(10145,12,80,0,0,0,NULL),
	(10146,13,60,0,0,0,NULL),
	(10147,13,61,4267,4000,0,NULL),
	(10148,13,62,0,0,0,NULL),
	(10149,13,63,2418,2000,0,NULL),
	(10150,13,64,2133,2000,0,NULL),
	(10151,13,65,302,0,0,NULL),
	(10152,13,66,7733,8000,0,NULL),
	(10153,13,67,1422,1000,0,NULL),
	(10154,13,68,3200,3000,0,NULL),
	(10155,13,69,889,1000,0,NULL),
	(10156,13,70,0,0,0,NULL),
	(10157,13,71,10000,10000,0,NULL),
	(10158,13,72,4800,5000,0,NULL),
	(10159,13,73,0,0,0,NULL),
	(10160,13,74,6000,6000,0,NULL),
	(10161,13,75,37333,37000,0,NULL),
	(10162,13,76,6667,7000,0,NULL),
	(10163,13,77,42667,43000,0,NULL),
	(10164,13,78,747,1000,0,NULL),
	(10165,13,79,10000,10000,0,NULL),
	(10166,13,80,17778,18000,0,NULL),
	(10167,14,60,0,0,0,NULL),
	(10168,14,61,0,0,0,NULL),
	(10169,14,62,0,0,0,NULL),
	(10170,14,63,0,0,0,NULL),
	(10171,14,64,0,0,0,NULL),
	(10172,14,65,0,0,0,NULL),
	(10173,14,66,0,0,0,NULL),
	(10174,14,67,0,0,0,NULL),
	(10175,14,68,0,0,0,NULL),
	(10176,14,69,0,0,0,NULL),
	(10177,14,70,0,0,0,NULL),
	(10178,14,71,10000,10000,0,NULL),
	(10179,14,72,0,0,0,NULL),
	(10180,14,73,0,0,0,NULL),
	(10181,14,74,6000,6000,0,NULL),
	(10182,14,75,0,0,0,NULL),
	(10183,14,76,0,0,0,NULL),
	(10184,14,77,0,0,0,NULL),
	(10185,14,78,0,0,0,NULL),
	(10186,14,79,10000,10000,0,NULL),
	(10187,14,80,0,0,0,NULL),
	(10188,15,60,0,0,0,NULL),
	(10189,15,61,4267,4000,0,NULL),
	(10190,15,62,0,0,0,NULL),
	(10191,15,63,2418,2000,0,NULL),
	(10192,15,64,2133,2000,0,NULL),
	(10193,15,65,302,0,0,NULL),
	(10194,15,66,7733,8000,0,NULL),
	(10195,15,67,1422,1000,0,NULL),
	(10196,15,68,3200,3000,0,NULL),
	(10197,15,69,889,1000,0,NULL),
	(10198,15,70,0,0,0,NULL),
	(10199,15,71,10000,10000,0,NULL),
	(10200,15,72,4800,5000,0,NULL),
	(10201,15,73,0,0,0,NULL),
	(10202,15,74,6000,6000,0,NULL),
	(10203,15,75,37333,37000,0,NULL),
	(10204,15,76,6667,7000,0,NULL),
	(10205,15,77,42667,43000,0,NULL),
	(10206,15,78,747,1000,0,NULL),
	(10207,15,79,10000,10000,0,NULL),
	(10208,15,80,17778,18000,0,NULL),
	(10209,16,60,0,0,0,NULL),
	(10210,16,61,4267,4000,0,NULL),
	(10211,16,62,0,0,0,NULL),
	(10212,16,63,2418,2000,0,NULL),
	(10213,16,64,2133,2000,0,NULL),
	(10214,16,65,302,0,0,NULL),
	(10215,16,66,7733,8000,0,NULL),
	(10216,16,67,1422,1000,0,NULL),
	(10217,16,68,3200,3000,0,NULL),
	(10218,16,69,889,1000,0,NULL),
	(10219,16,70,0,0,0,NULL),
	(10220,16,71,0,0,0,NULL),
	(10221,16,72,4800,5000,0,NULL),
	(10222,16,73,0,0,0,NULL),
	(10223,16,74,0,0,0,NULL),
	(10224,16,75,37333,37000,0,NULL),
	(10225,16,76,6667,7000,0,NULL),
	(10226,16,77,42667,43000,0,NULL),
	(10227,16,78,747,1000,0,NULL),
	(10228,16,79,0,0,0,NULL),
	(10229,16,80,17778,18000,0,NULL),
	(10230,17,60,0,0,0,NULL),
	(10231,17,61,4267,4000,0,NULL),
	(10232,17,62,0,0,0,NULL),
	(10233,17,63,2418,2000,0,NULL),
	(10234,17,64,2133,2000,0,NULL),
	(10235,17,65,302,0,0,NULL),
	(10236,17,66,7733,8000,0,NULL),
	(10237,17,67,1422,1000,0,NULL),
	(10238,17,68,3200,3000,0,NULL),
	(10239,17,69,889,1000,0,NULL),
	(10240,17,70,0,0,0,NULL),
	(10241,17,71,10000,10000,0,NULL),
	(10242,17,72,4800,5000,0,NULL),
	(10243,17,73,0,0,0,NULL),
	(10244,17,74,6000,6000,0,NULL),
	(10245,17,75,37333,37000,0,NULL),
	(10246,17,76,6667,7000,0,NULL),
	(10247,17,77,42667,43000,0,NULL),
	(10248,17,78,747,1000,0,NULL),
	(10249,17,79,10000,10000,0,NULL),
	(10250,17,80,17778,18000,0,NULL),
	(10251,18,60,0,0,0,NULL),
	(10252,18,61,4267,4000,0,NULL),
	(10253,18,62,0,0,0,NULL),
	(10254,18,63,2418,2000,0,NULL),
	(10255,18,64,2133,2000,0,NULL),
	(10256,18,65,302,0,0,NULL),
	(10257,18,66,7733,8000,0,NULL),
	(10258,18,67,1422,1000,0,NULL),
	(10259,18,68,3200,3000,0,NULL),
	(10260,18,69,889,1000,0,NULL),
	(10261,18,70,0,0,0,NULL),
	(10262,18,71,10000,10000,0,NULL),
	(10263,18,72,4800,5000,0,NULL),
	(10264,18,73,0,0,0,NULL),
	(10265,18,74,6000,6000,0,NULL),
	(10266,18,75,37333,37000,0,NULL),
	(10267,18,76,6667,7000,0,NULL),
	(10268,18,77,42667,43000,0,NULL),
	(10269,18,78,747,1000,0,NULL),
	(10270,18,79,10000,10000,0,NULL),
	(10271,18,80,17778,18000,0,NULL),
	(10272,19,60,0,0,0,NULL),
	(10273,19,61,0,0,0,NULL),
	(10274,19,62,0,0,0,NULL),
	(10275,19,63,0,0,0,NULL),
	(10276,19,64,0,0,0,NULL),
	(10277,19,65,0,0,0,NULL),
	(10278,19,66,0,0,0,NULL),
	(10279,19,67,0,0,0,NULL),
	(10280,19,68,0,0,0,NULL),
	(10281,19,69,0,0,0,NULL),
	(10282,19,70,0,0,0,NULL),
	(10283,19,71,0,0,0,NULL),
	(10284,19,72,0,0,0,NULL),
	(10285,19,73,0,0,0,NULL),
	(10286,19,74,0,0,0,NULL),
	(10287,19,75,0,0,0,NULL),
	(10288,19,76,0,0,0,NULL),
	(10289,19,77,0,0,0,NULL),
	(10290,19,78,0,0,0,NULL),
	(10291,19,79,0,0,0,NULL),
	(10292,19,80,0,0,0,NULL),
	(10293,20,60,0,0,0,NULL),
	(10294,20,61,20100,20000,0,NULL),
	(10295,20,62,0,0,0,NULL),
	(10296,20,63,11390,11000,0,NULL),
	(10297,20,64,10050,10000,0,NULL),
	(10298,20,65,1424,1000,0,NULL),
	(10299,20,66,36431,36000,0,NULL),
	(10300,20,67,6700,7000,0,NULL),
	(10301,20,68,15075,15000,0,NULL),
	(10302,20,69,4188,4000,0,NULL),
	(10303,20,70,0,0,0,NULL),
	(10304,20,71,10000,10000,0,NULL),
	(10305,20,72,22613,23000,0,NULL),
	(10306,20,73,0,0,0,NULL),
	(10307,20,74,6000,6000,0,NULL),
	(10308,20,75,175875,176000,0,NULL),
	(10309,20,76,31406,31000,0,NULL),
	(10310,20,77,201000,201000,0,NULL),
	(10311,20,78,3518,4000,0,NULL),
	(10312,20,79,10000,10000,0,NULL),
	(10313,20,80,83750,84000,0,NULL),
	(10314,21,60,0,0,0,NULL),
	(10315,21,61,0,0,0,NULL),
	(10316,21,62,0,0,0,NULL),
	(10317,21,63,0,0,0,NULL),
	(10318,21,64,0,0,0,NULL),
	(10319,21,65,0,0,0,NULL),
	(10320,21,66,0,0,0,NULL),
	(10321,21,67,0,0,0,NULL),
	(10322,21,68,0,0,0,NULL),
	(10323,21,69,0,0,0,NULL),
	(10324,21,70,0,0,0,NULL),
	(10325,21,71,10000,10000,0,NULL),
	(10326,21,72,0,0,0,NULL),
	(10327,21,73,0,0,0,NULL),
	(10328,21,74,6000,6000,0,NULL),
	(10329,21,75,0,0,0,NULL),
	(10330,21,76,0,0,0,NULL),
	(10331,21,77,0,0,0,NULL),
	(10332,21,78,0,0,0,NULL),
	(10333,21,79,10000,10000,0,NULL),
	(10334,21,80,0,0,0,NULL),
	(10335,22,60,0,0,0,NULL),
	(10336,22,61,0,0,0,NULL),
	(10337,22,62,0,0,0,NULL),
	(10338,22,63,0,0,0,NULL),
	(10339,22,64,0,0,0,NULL),
	(10340,22,65,0,0,0,NULL),
	(10341,22,66,0,0,0,NULL),
	(10342,22,67,0,0,0,NULL),
	(10343,22,68,0,0,0,NULL),
	(10344,22,69,0,0,0,NULL),
	(10345,22,70,0,0,0,NULL),
	(10346,22,71,0,0,0,NULL),
	(10347,22,72,0,0,0,NULL),
	(10348,22,73,0,0,0,NULL),
	(10349,22,74,0,0,0,NULL),
	(10350,22,75,0,0,0,NULL),
	(10351,22,76,0,0,0,NULL),
	(10352,22,77,0,0,0,NULL),
	(10353,22,78,0,0,0,NULL),
	(10354,22,79,0,0,0,NULL),
	(10355,22,80,0,0,0,NULL),
	(10356,23,60,0,0,0,NULL),
	(10357,23,61,0,0,0,NULL),
	(10358,23,62,0,0,0,NULL),
	(10359,23,63,0,0,0,NULL),
	(10360,23,64,0,0,0,NULL),
	(10361,23,65,0,0,0,NULL),
	(10362,23,66,0,0,0,NULL),
	(10363,23,67,0,0,0,NULL),
	(10364,23,68,0,0,0,NULL),
	(10365,23,69,0,0,0,NULL),
	(10366,23,70,0,0,0,NULL),
	(10367,23,71,0,0,0,NULL),
	(10368,23,72,0,0,0,NULL),
	(10369,23,73,0,0,0,NULL),
	(10370,23,74,0,0,0,NULL),
	(10371,23,75,0,0,0,NULL),
	(10372,23,76,0,0,0,NULL),
	(10373,23,77,0,0,0,NULL),
	(10374,23,78,0,0,0,NULL),
	(10375,23,79,0,0,0,NULL),
	(10376,23,80,0,0,0,NULL),
	(10377,24,60,0,0,0,NULL),
	(10378,24,61,0,0,0,NULL),
	(10379,24,62,0,0,0,NULL),
	(10380,24,63,0,0,0,NULL),
	(10381,24,64,0,0,0,NULL),
	(10382,24,65,0,0,0,NULL),
	(10383,24,66,0,0,0,NULL),
	(10384,24,67,0,0,0,NULL),
	(10385,24,68,0,0,0,NULL),
	(10386,24,69,0,0,0,NULL),
	(10387,24,70,0,0,0,NULL),
	(10388,24,71,0,0,0,NULL),
	(10389,24,72,0,0,0,NULL),
	(10390,24,73,0,0,0,NULL),
	(10391,24,74,0,0,0,NULL),
	(10392,24,75,0,0,0,NULL),
	(10393,24,76,0,0,0,NULL),
	(10394,24,77,0,0,0,NULL),
	(10395,24,78,0,0,0,NULL),
	(10396,24,79,0,0,0,NULL),
	(10397,24,80,0,0,0,NULL),
	(10398,25,60,0,0,0,NULL),
	(10399,25,61,0,0,0,NULL),
	(10400,25,62,12000,12000,0,NULL),
	(10401,25,63,0,0,0,NULL),
	(10402,25,64,0,0,0,NULL),
	(10403,25,65,0,0,0,NULL),
	(10404,25,66,0,0,0,NULL),
	(10405,25,67,0,0,0,NULL),
	(10406,25,68,0,0,0,NULL),
	(10407,25,69,0,0,0,NULL),
	(10408,25,70,0,0,0,NULL),
	(10409,25,71,0,0,0,NULL),
	(10410,25,72,0,0,0,NULL),
	(10411,25,73,0,0,0,NULL),
	(10412,25,74,0,0,0,NULL),
	(10413,25,75,0,0,0,NULL),
	(10414,25,76,0,0,0,NULL),
	(10415,25,77,0,0,0,NULL),
	(10416,25,78,12000,12000,0,NULL),
	(10417,25,79,0,0,0,NULL),
	(10418,25,80,0,0,0,NULL),
	(10419,26,60,0,0,0,NULL),
	(10420,26,61,4267,4000,0,NULL),
	(10421,26,62,0,0,0,NULL),
	(10422,26,63,2418,2000,0,NULL),
	(10423,26,64,2133,2000,0,NULL),
	(10424,26,65,302,0,0,NULL),
	(10425,26,66,7733,8000,0,NULL),
	(10426,26,67,1422,1000,0,NULL),
	(10427,26,68,3200,3000,0,NULL),
	(10428,26,69,889,1000,0,NULL),
	(10429,26,70,0,0,0,NULL),
	(10430,26,71,0,0,0,NULL),
	(10431,26,72,4800,5000,0,NULL),
	(10432,26,73,0,0,0,NULL),
	(10433,26,74,0,0,0,NULL),
	(10434,26,75,37333,37000,0,NULL),
	(10435,26,76,6667,7000,0,NULL),
	(10436,26,77,42667,43000,0,NULL),
	(10437,26,78,747,1000,0,NULL),
	(10438,26,79,0,0,0,NULL),
	(10439,26,80,17778,18000,0,NULL),
	(10440,27,60,0,0,0,NULL),
	(10441,27,61,20100,20000,0,NULL),
	(10442,27,62,0,0,0,NULL),
	(10443,27,63,11390,11000,0,NULL),
	(10444,27,64,10050,10000,0,NULL),
	(10445,27,65,1424,1000,0,NULL),
	(10446,27,66,36431,36000,0,NULL),
	(10447,27,67,6700,7000,0,NULL),
	(10448,27,68,15075,15000,0,NULL),
	(10449,27,69,4188,4000,0,NULL),
	(10450,27,70,0,0,0,NULL),
	(10451,27,71,10000,10000,0,NULL),
	(10452,27,72,22613,23000,0,NULL),
	(10453,27,73,0,0,0,NULL),
	(10454,27,74,6000,6000,0,NULL),
	(10455,27,75,175875,176000,0,NULL),
	(10456,27,76,31406,31000,0,NULL),
	(10457,27,77,201000,201000,0,NULL),
	(10458,27,78,3518,4000,0,NULL),
	(10459,27,79,10000,10000,0,NULL),
	(10460,27,80,83750,84000,0,NULL),
	(10461,28,60,0,0,0,NULL),
	(10462,28,61,0,0,0,NULL),
	(10463,28,62,0,0,0,NULL),
	(10464,28,63,0,0,0,NULL),
	(10465,28,64,0,0,0,NULL),
	(10466,28,65,0,0,0,NULL),
	(10467,28,66,0,0,0,NULL),
	(10468,28,67,0,0,0,NULL),
	(10469,28,68,0,0,0,NULL),
	(10470,28,69,0,0,0,NULL),
	(10471,28,70,0,0,0,NULL),
	(10472,28,71,0,0,0,NULL),
	(10473,28,72,0,0,0,NULL),
	(10474,28,73,0,0,0,NULL),
	(10475,28,74,0,0,0,NULL),
	(10476,28,75,0,0,0,NULL),
	(10477,28,76,0,0,0,NULL),
	(10478,28,77,0,0,0,NULL),
	(10479,28,78,0,0,0,NULL),
	(10480,28,79,0,0,0,NULL),
	(10481,28,80,0,0,0,NULL);

/*!40000 ALTER TABLE `jatahjamaah` ENABLE KEYS */;
UNLOCK TABLES;


# Dump of table kaskelompok
# ------------------------------------------------------------

DROP TABLE IF EXISTS `kaskelompok`;

CREATE TABLE `kaskelompok` (
  `id` int(11) NOT NULL AUTO_INCREMENT,
  `tanggal` date NOT NULL,
  `deskripsi` varchar(255) NOT NULL,
  `qty` int(11) NOT NULL DEFAULT '1',
  `debet` int(11) NOT NULL,
  `kredit` int(11) NOT NULL,
  `notes` varchar(255) NOT NULL,
  PRIMARY KEY (`id`)
) ENGINE=InnoDB DEFAULT CHARSET=utf8;

LOCK TABLES `kaskelompok` WRITE;
/*!40000 ALTER TABLE `kaskelompok` DISABLE KEYS */;

INSERT INTO `kaskelompok` (`id`, `tanggal`, `deskripsi`, `qty`, `debet`, `kredit`, `notes`)
VALUES
	(1,'2019-01-01','KESRA MAS FUAD',0,0,800000,''),
	(2,'2019-01-01','KESRA MAS EWA',0,0,800000,''),
	(3,'2019-01-01','KESRA PAK ANANG',0,0,700000,''),
	(4,'2019-01-04','LEMPARAN',0,11000,0,''),
	(5,'2019-01-04','JENGUK BU PAR',0,0,100000,''),
	(6,'2019-01-04','SNACK ASAD',0,0,30000,''),
	(7,'2019-01-09','SNACK TEROBOSAN DESA',0,0,70000,''),
	(8,'2019-01-09','SERVICE JOK KHARISMA',0,0,150000,''),
	(9,'2019-01-09','LEMPARAN',0,86500,0,''),
	(10,'2019-01-09','AQUA GELAS',0,0,50000,''),
	(11,'2019-01-11','BENSIN CABE RAWIT',0,0,100000,''),
	(12,'2019-01-18','FOTOKOPI DALIL',0,0,45000,''),
	(13,'2019-01-18','LEMPARAN',0,50000,0,''),
	(14,'2019-01-25','SNACK ASAD CABERAWIT',0,0,200000,''),
	(15,'2019-01-28','LEMPARAN',0,21000,0,''),
	(16,'2019-02-01','BENSIN SENKOM',0,0,25000,''),
	(17,'2019-02-01','LEMPARAN',0,112000,0,''),
	(18,'2019-02-04','LEMPARAN',0,83000,0,''),
	(19,'2019-02-05','KESRA MAS FUAD',0,0,900000,''),
	(20,'2019-02-05','KESRA MAS EWA',0,0,800000,''),
	(21,'2019-02-05','KESRA PAK ANANG',0,0,700000,''),
	(22,'2019-02-07','SNACK PENEROBOS DESA',0,0,55000,''),
	(23,'2019-02-13','GANTI BAN MOTOR SABIL',0,0,45000,''),
	(24,'2019-02-15','JENGUK P.RIZKI',0,0,150000,''),
	(25,'2019-02-15','FOTOKOPI DALIL',0,0,18000,''),
	(26,'2019-02-20','BAJU PRAMUKA MAS FUAD',0,0,150000,''),
	(27,'2019-02-20','LEMPARAN',0,156000,0,''),
	(28,'2019-02-25','LEMPARAN',0,60000,0,''),
	(29,'2019-02-25','GANTI BAN SUPRA',0,0,40000,''),
	(30,'2019-02-25','TEH BOTOL MUSYAWAROH',0,0,40000,''),
	(31,'2019-02-28','BED COVER',2,0,208000,''),
	(32,'2019-03-01','JENGUK BILQIS',0,0,150000,''),
	(33,'2019-03-01','SNACK ASAD CABERAWIT',0,0,32000,''),
	(34,'2019-03-01','TEH BOTOL',0,0,15600,''),
	(35,'2019-03-01','LEMPARAN',0,79000,0,''),
	(36,'2019-03-04','GANTI BAN DALAM',0,0,45000,''),
	(37,'2019-01-01','SALDO DES 2018',0,-1420000,0,''),
	(38,'2019-01-01','INFAQ KESRA MT KLP',0,3312000,0,''),
	(39,'2019-01-01','INFAQ ASAD',0,176000,0,''),
	(40,'2019-01-01','INFAQ KEBUTUHAN KLP',0,1212000,0,''),
	(41,'2019-01-01','NOMBOKI SETORAN DESA',0,0,250000,''),
	(42,'2019-02-01','INFAQ KESRA MT KLP',0,2456000,0,''),
	(43,'2019-02-01','INFAQ ASAD',0,96000,0,''),
	(44,'2019-02-01','INFAQ KEBUTUHAN KLP',0,1302000,0,''),
	(45,'2019-02-01','NOMBOKI SETORAN DESA',0,0,340000,''),
	(46,'2019-03-01','INFAQ KESRA MT KLP',0,1223500,0,''),
	(47,'2019-03-01','INFAQ ASAD',0,97000,0,''),
	(48,'2019-03-01','INFAQ KEBUTUHAN KLP',0,588000,0,''),
	(49,'2019-03-01','NOMBOKI SETORAN DESA',0,0,350000,''),
	(50,'2019-03-01','KESRA MAS FUAD',0,0,900000,''),
	(51,'2019-03-01','KESRA MAS EWA',0,0,800000,''),
	(52,'2019-03-01','KESRA PAK ANANG',0,0,700000,'');

/*!40000 ALTER TABLE `kaskelompok` ENABLE KEYS */;
UNLOCK TABLES;


# Dump of table rumus
# ------------------------------------------------------------

DROP TABLE IF EXISTS `rumus`;

CREATE TABLE `rumus` (
  `id` int(11) NOT NULL AUTO_INCREMENT,
  `ring` tinyint(1) DEFAULT NULL,
  `prosentase` tinyint(2) DEFAULT NULL,
  PRIMARY KEY (`id`)
) ENGINE=InnoDB DEFAULT CHARSET=utf8;

LOCK TABLES `rumus` WRITE;
/*!40000 ALTER TABLE `rumus` DISABLE KEYS */;

INSERT INTO `rumus` (`id`, `ring`, `prosentase`)
VALUES
	(1,1,17),
	(2,2,67),
	(3,3,16),
	(4,4,0);

/*!40000 ALTER TABLE `rumus` ENABLE KEYS */;
UNLOCK TABLES;


# Dump of table setorandesa
# ------------------------------------------------------------

DROP TABLE IF EXISTS `setorandesa`;

CREATE TABLE `setorandesa` (
  `id` int(11) NOT NULL AUTO_INCREMENT,
  `tanggal` date NOT NULL,
  `jatahdesa` int(11) NOT NULL,
  `nominal` int(11) NOT NULL,
  PRIMARY KEY (`id`)
) ENGINE=InnoDB DEFAULT CHARSET=utf8;




/*!40111 SET SQL_NOTES=@OLD_SQL_NOTES */;
/*!40101 SET SQL_MODE=@OLD_SQL_MODE */;
/*!40014 SET FOREIGN_KEY_CHECKS=@OLD_FOREIGN_KEY_CHECKS */;
/*!40101 SET CHARACTER_SET_CLIENT=@OLD_CHARACTER_SET_CLIENT */;
/*!40101 SET CHARACTER_SET_RESULTS=@OLD_CHARACTER_SET_RESULTS */;
/*!40101 SET COLLATION_CONNECTION=@OLD_COLLATION_CONNECTION */;
